Country Code,IMF Country Code,,Indicator Type,Series Name,19701,19702,19703,19704,19711,19712,19713,19714,19721,19722,19723,19724,19731,19732,19733,19734,19741,19742,19743,19744,19751,19752,19753,19754,19761,19762,19763,19764,19771,19772,19773,19774,19781,19782,19783,19784,19791,19792,19793,19794,19801,19802,19803,19804,19811,19812,19813,19814,19821,19822,19823,19824,19831,19832,19833,19834,19841,19842,19843,19844,19851,19852,19853,19854,19861,19862,19863,19864,19871,19872,19873,19874,19881,19882,19883,19884,19891,19892,19893,19894,19901,19902,19903,19904,19911,19912,19913,19914,19921,19922,19923,19924,19931,19932,19933,19934,19941,19942,19943,19944,19951,19952,19953,19954,19961,19962,19963,19964,19971,19972,19973,19974,19981,19982,19983,19984,19991,19992,19993,19994,20001,20002,20003,20004,20011,20012,20013,20014,20021,20022,20023,20024,20031,20032,20033,20034,20041,20042,20043,20044,20051,20052,20053,20054,20061,20062,20063,20064,20071,20072,20073,20074,20081,20082,20083,20084,20091,20092,20093,20094,20101,20102,20103,20104,20111,20112,20113,20114,20121,20122,20123,20124,20131,20132,20133,20134,20141,20142,20143,20144,20151,20152,20153,20154,20161,20162,20163,20164,20171,20172,20173,20174,20181,20182,20183,20184,20191,20192,20193,20194,20201,20202,20203,20204,20211,20212,20213,20214,20221,20222,20223,20224,20231,,Data source,Base date,Note,,,,,,,,,,,,,,,,,,,,,,,,,,,,,,,,,,,,,,,,,,,,,,,,,,,,,,,,,,,,,,,,,,,,,,,,,,,,,,,,,,,,,,,,,,,,,,,,,,,,,,,,,,,,,,,,,,,,,,,,,,,,,,,,,,,,,,,,,,,,,,,,,,,,,,,,,,,,,,,,,,,,,,,,,,,,,,,,,,,,,,,,,,,,,,,,,,,,,,,,,,,,,,,,,,,,,,,,,,,,,,,,,,,,,,,,,,,,,,,,,,,,,,,,,,,,,,,,,,,,,,,,,,,,,,,,,,,,,,,,,,,,,,,,,,,,,,,,,,,,,,,,,,,,,,,,,,,,,,,,,,,,,,,,,,,,,,,,,,,,,,,,,,,,,,,,,
ALB,914,Albania,index,Official Core Consumer Price Index,,,,,,,,,,,,,,,,,,,,,,,,,,,,,,,,,,,,,,,,,,,,,,,,,,,,,,,,,,,,,,,,,,,,,,,,,,,,,,,,,,,,,,,,,,,,,,,,,,,,,,,,,,,,,,,,,,,,,,,,,,,,,,,,,,,,,,,,,,,,,,,,,,,,,,,,,87.1,87.5,88.2,89.0,89.1,89.1,89.1,90.0,90.3,90.4,91.0,92.1,93.3,93.9,94.0,94.5,95.2,95.5,95.4,96.0,96.0,95.7,95.4,95.8,95.9,95.6,95.5,96.3,96.3,95.5,95.3,95.5,95.3,95.5,95.9,96.5,96.5,96.4,96.4,97.1,97.6,97.3,97.4,97.8,98.0,98.0,98.3,98.5,99.1,99.6,99.8,99.8,100.6,101.0,101.3,102.2,103.8,107.4,109.3,110.8,,,Eurostat,2015,All Items Excluding unprocessed food and energy,,,,,,,,,,,,,,,,,,,,,,,,,,,,,,,,,,,,,,,,,,,,,,,,,,,,,,,,,,,,,,,,,,,,,,,,,,,,,,,,,,,,,,,,,,,,,,,,,,,,,,,,,,,,,,,,,,,,,,,,,,,,,,,,,,,,,,,,,,,,,,,,,,,,,,,,,,,,,,,,,,,,,,,,,,,,,,,,,,,,,,,,,,,,,,,,,,,,,,,,,,,,,,,,,,,,,,,,,,,,,,,,,,,,,,,,,,,,,,,,,,,,,,,,,,,,,,,,,,,,,,,,,,,,,,,,,,,,,,,,,,,,,,,,,,,,,,,,,,,,,,,,,,,,,,,,,,,,,,,,,,,,,,,,,,,,,,,,,,,,,,,,,,,,,,,,,
AUS,193,Australia,index,Official Core Consumer Price Index,,,,,,9.7,10.1,10.3,10.4,10.5,10.7,10.8,10.9,11.3,11.6,12.0,12.4,12.9,13.6,14.2,14.8,15.3,15.3,16.3,16.7,17.2,17.6,18.8,19.1,19.7,20.0,20.4,20.8,21.1,21.5,21.8,22.1,22.5,23.0,23.7,24.1,24.7,25.1,25.7,26.2,26.7,27.3,28.5,29.2,29.9,30.8,31.8,32.5,33.1,33.6,34.5,34.2,34.3,34.7,35.2,35.7,36.5,37.4,38.2,39.1,40.0,41.0,42.1,43.1,44.0,44.8,45.6,46.4,47.3,48.1,49.2,49.6,50.8,51.9,52.9,54.0,54.8,55.3,56.4,56.5,56.9,57.0,57.7,57.7,57.4,57.5,57.8,58.2,58.5,58.8,58.8,59.2,59.5,59.9,60.5,61.3,62.3,63.0,63.6,64.3,64.7,64.8,64.7,64.7,64.4,64.1,64.2,64.6,64.9,65.0,65.2,65.2,65.4,65.7,66.2,66.6,67.0,69.8,70.0,70.5,71.0,71.5,72.0,72.8,73.2,73.7,74.0,74.4,74.9,75.5,75.7,76.1,76.5,76.8,77.2,77.9,78.2,78.5,78.7,79.2,79.6,80.1,80.6,81.0,81.5,82.0,82.7,83.4,84.6,85.4,85.7,85.8,86.4,87.1,87.6,88.1,88.8,89.7,89.7,90.1,90.7,91.4,91.7,92.1,92.5,93.4,93.6,94.1,94.7,95.5,96.2,96.6,97.3,97.9,98.6,99.4,99.6,100.1,101.0,101.2,101.5,102.1,102.4,102.7,103.1,103.9,104.1,104.4,104.8,105.2,104.7,104.8,105.4,106.1,105.6,105.9,104.3,106.0,105.7,106.0,106.4,107.1,108.4,110.0,111.8,113.8,115.9,117.3,,OECDstat,2015,All Items Excluding Food and Energy,,,,,,,,,,,,,,,,,,,,,,,,,,,,,,,,,,,,,,,,,,,,,,,,,,,,,,,,,,,,,,,,,,,,,,,,,,,,,,,,,,,,,,,,,,,,,,,,,,,,,,,,,,,,,,,,,,,,,,,,,,,,,,,,,,,,,,,,,,,,,,,,,,,,,,,,,,,,,,,,,,,,,,,,,,,,,,,,,,,,,,,,,,,,,,,,,,,,,,,,,,,,,,,,,,,,,,,,,,,,,,,,,,,,,,,,,,,,,,,,,,,,,,,,,,,,,,,,,,,,,,,,,,,,,,,,,,,,,,,,,,,,,,,,,,,,,,,,,,,,,,,,,,,,,,,,,,,,,,,,,,,,,,,,,,,,,,,,,,,,,,,,,,,,,,,,,
AUT,122,Austria,index,Official Core Consumer Price Index,21.2,21.4,21.7,21.9,22.2,22.5,22.9,23.1,23.6,24.0,24.3,24.7,25.4,25.7,26.0,26.6,27.4,28.3,28.6,29.5,30.4,31.0,31.3,31.8,33.6,34.0,34.5,35.0,35.8,36.3,36.6,36.8,37.4,37.6,37.9,38.2,38.7,38.9,39.2,39.9,40.6,41.1,41.6,42.0,42.6,43.3,43.8,44.2,45.0,45.7,46.4,46.8,47.3,47.6,48.2,48.7,50.0,50.3,50.8,51.2,51.8,52.2,52.6,53.0,53.8,54.1,54.6,54.8,54.8,55.2,56.1,55.8,56.3,56.6,57.7,57.3,57.9,58.1,59.2,58.7,59.4,59.9,60.9,60.5,61.4,61.8,63.0,62.7,64.0,64.5,65.8,65.5,66.9,67.3,68.4,68.2,69.3,69.6,70.6,70.2,71.1,71.3,72.1,71.5,72.1,72.3,73.2,72.7,73.1,73.3,73.4,73.7,74.0,74.2,74.3,74.5,74.6,74.8,74.8,75.0,75.4,75.9,76.3,76.6,77.2,77.9,78.4,78.7,78.9,79.7,80.1,80.2,80.4,80.7,81.1,81.2,81.5,82.1,82.5,83.0,83.6,83.7,83.7,83.7,83.9,84.6,84.5,84.8,85.1,85.9,85.9,86.3,86.5,87.4,87.7,88.3,88.4,89.1,89.1,89.5,89.5,90.4,90.3,90.9,91.1,92.6,92.7,93.1,93.1,94.4,94.4,95.4,95.4,96.4,96.3,97.1,97.1,98.4,98.2,99.1,98.9,100.1,100.1,100.9,100.8,101.5,101.4,102.2,102.4,103.5,103.6,104.4,104.4,105.2,105.4,106.3,106.2,107.0,107.0,108.2,108.3,108.9,109.2,110.1,110.0,111.1,111.8,113.0,114.2,116.4,118.5,121.2,123.9,,OECDstat,2015,All Items Excluding Food and Energy,,,,,,,,,,,,,,,,,,,,,,,,,,,,,,,,,,,,,,,,,,,,,,,,,,,,,,,,,,,,,,,,,,,,,,,,,,,,,,,,,,,,,,,,,,,,,,,,,,,,,,,,,,,,,,,,,,,,,,,,,,,,,,,,,,,,,,,,,,,,,,,,,,,,,,,,,,,,,,,,,,,,,,,,,,,,,,,,,,,,,,,,,,,,,,,,,,,,,,,,,,,,,,,,,,,,,,,,,,,,,,,,,,,,,,,,,,,,,,,,,,,,,,,,,,,,,,,,,,,,,,,,,,,,,,,,,,,,,,,,,,,,,,,,,,,,,,,,,,,,,,,,,,,,,,,,,,,,,,,,,,,,,,,,,,,,,,,,,,,,,,,,,,,,,,,,,
BEL,124,Belgium,index,Official Core Consumer Price Index,,,,,,,,,,,,,,,,,,,,,,,,,,,30.7,31.2,31.8,32.6,33.2,33.6,34.2,34.6,35.0,35.4,35.8,36.1,36.5,36.7,37.1,37.5,38.1,38.6,39.2,39.6,40.1,40.9,41.7,42.4,43.2,43.9,45.3,46.1,46.8,47.3,48.3,49.0,49.6,50.0,50.7,51.4,52.3,52.8,53.7,54.5,55.3,55.6,56.2,56.8,57.2,57.1,57.4,58.0,58.5,58.6,59.0,59.5,60.0,60.0,60.5,61.2,61.8,61.9,63.1,63.6,64.3,64.7,65.5,65.9,66.6,66.9,67.8,68.3,68.9,69.1,69.8,70.2,70.7,70.7,71.1,71.4,72.0,71.9,72.6,72.5,73.3,73.4,73.9,73.4,74.2,74.1,74.7,75.1,75.5,75.5,75.8,76.1,76.3,76.6,77.1,77.4,77.8,78.0,78.4,79.1,79.5,79.9,80.5,80.6,81.0,81.1,81.7,82.0,82.3,82.5,83.0,83.5,83.9,84.2,84.7,85.2,85.8,86.0,85.6,85.8,86.2,86.3,86.9,87.3,87.6,87.8,88.4,88.8,89.4,89.7,90.3,90.7,91.0,91.2,91.6,91.9,92.3,92.5,93.2,93.5,93.9,94.3,95.3,95.6,96.1,96.3,96.5,96.9,97.4,97.7,98.2,98.6,98.9,99.0,99.4,99.8,100.2,100.6,101.4,101.9,102.3,102.3,102.9,103.5,103.8,103.8,104.3,104.6,105.1,105.4,106.0,106.6,106.9,107.1,107.9,108.1,108.3,108.5,109.0,109.4,110.3,111.1,112.5,113.9,115.9,117.7,120.3,,OECDstat,2015,All Items Excluding Food and Energy,,,,,,,,,,,,,,,,,,,,,,,,,,,,,,,,,,,,,,,,,,,,,,,,,,,,,,,,,,,,,,,,,,,,,,,,,,,,,,,,,,,,,,,,,,,,,,,,,,,,,,,,,,,,,,,,,,,,,,,,,,,,,,,,,,,,,,,,,,,,,,,,,,,,,,,,,,,,,,,,,,,,,,,,,,,,,,,,,,,,,,,,,,,,,,,,,,,,,,,,,,,,,,,,,,,,,,,,,,,,,,,,,,,,,,,,,,,,,,,,,,,,,,,,,,,,,,,,,,,,,,,,,,,,,,,,,,,,,,,,,,,,,,,,,,,,,,,,,,,,,,,,,,,,,,,,,,,,,,,,,,,,,,,,,,,,,,,,,,,,,,,,,,,,,,,,,
BLR,913,Belarus,index,Official Core Consumer Price Index,,,,,,,,,,,,,,,,,,,,,,,,,,,,,,,,,,,,,,,,,,,,,,,,,,,,,,,,,,,,,,,,,,,,,,,,,,,,,,,,,,,,,,,,,,,,,,,,,,,,,,,,,,,,,,,,,,,,,,,,,,,,,,,,,,,,,47.8,50.1,52.6,55.0,57.3,59.4,61.2,63.0,64.6,65.9,67.0,67.7,68.3,69.2,70.1,70.8,71.7,72.9,74.5,77.2,79.6,82.2,84.3,86.5,91.9,93.9,94.4,94.3,97.3,99.6,100.2,102.6,108.0,133.3,173.3,218.2,237.7,249.2,255.4,262.8,278.0,283.1,286.7,294.9,306.6,322.9,334.1,341.7,352.7,361.9,369.9,379.2,391.8,402.3,409.9,419.2,422.7,425.5,429.6,432.5,435.3,439.2,445.1,452.0,457.4,461.0,465.6,469.6,474.7,478.6,485.1,500.8,513.7,522.5,532.9,551.3,577.4,615.9,639.6,636.5,637.5,,National sources,2010,All Items Excluding Food and Energy,,,,,,,,,,,,,,,,,,,,,,,,,,,,,,,,,,,,,,,,,,,,,,,,,,,,,,,,,,,,,,,,,,,,,,,,,,,,,,,,,,,,,,,,,,,,,,,,,,,,,,,,,,,,,,,,,,,,,,,,,,,,,,,,,,,,,,,,,,,,,,,,,,,,,,,,,,,,,,,,,,,,,,,,,,,,,,,,,,,,,,,,,,,,,,,,,,,,,,,,,,,,,,,,,,,,,,,,,,,,,,,,,,,,,,,,,,,,,,,,,,,,,,,,,,,,,,,,,,,,,,,,,,,,,,,,,,,,,,,,,,,,,,,,,,,,,,,,,,,,,,,,,,,,,,,,,,,,,,,,,,,,,,,,,,,,,,,,,,,,,,,,,,,,,,,,,
BRA,223,Brazil,index,Official Core Consumer Price Index,,,,,,,,,,,,,,,,,,,,,,,,,,,,,,,,,,,,,,,,,,,,,,,,,,,,,,,,,,,,,,,,,,,,,,,,,,,,,,,,,,,,,,,,,,,,,,,,,,,,,1885260.9,2031193.9,2176146.2,2287866.6,2380679.4,2442714.2,2512318.1,2556628.4,2595399.9,2642805.4,2673168.1,2697230.9,2717759.4,2721504.5,2721990.5,2733715.0,2767225.6,2813233.8,2853832.5,2910267.7,2943307.6,2972647.3,3015859.8,3049626.1,3081848.8,3126349.0,3204540.6,3267548.5,3325984.0,3379071.8,3457792.2,3580368.6,3736803.4,3857440.5,3938978.0,4005874.1,4072104.4,4148183.8,4235608.7,4313544.5,4385436.7,4478537.9,4545904.5,4607833.1,4655523.7,4689551.7,4721617.9,4766154.1,4814615.3,4851285.4,4893174.8,4945284.9,4999220.4,5074639.1,5159390.8,5230893.0,5286641.7,5350615.3,5412918.9,5473706.1,5545868.2,5614305.4,5682016.2,5763716.2,5872836.5,5972070.6,6069566.5,6156625.5,6229080.2,6299488.6,6389506.9,6499862.2,6587300.7,6664603.3,6762145.4,6879521.3,6989144.4,7102332.3,7216395.1,7331374.8,7514232.9,7704909.5,7869043.8,8014923.6,8174028.7,8321065.8,8439785.9,8535017.6,8623481.5,8706325.6,8774719.1,8860693.0,8897475.4,8970190.3,9095913.9,9152934.2,9224321.1,9317125.7,9395728.5,9450603.6,9507945.5,9523178.6,9537798.1,9653912.7,9762859.7,9908693.3,10128278.5,10369978.2,10602816.8,10847845.9,11034807.0,11203021.9,11401391.8,,National sources,End-1990,All Items Excluding ex Reg Pr & Fuel for Veh & Home,,,,,,,,,,,,,,,,,,,,,,,,,,,,,,,,,,,,,,,,,,,,,,,,,,,,,,,,,,,,,,,,,,,,,,,,,,,,,,,,,,,,,,,,,,,,,,,,,,,,,,,,,,,,,,,,,,,,,,,,,,,,,,,,,,,,,,,,,,,,,,,,,,,,,,,,,,,,,,,,,,,,,,,,,,,,,,,,,,,,,,,,,,,,,,,,,,,,,,,,,,,,,,,,,,,,,,,,,,,,,,,,,,,,,,,,,,,,,,,,,,,,,,,,,,,,,,,,,,,,,,,,,,,,,,,,,,,,,,,,,,,,,,,,,,,,,,,,,,,,,,,,,,,,,,,,,,,,,,,,,,,,,,,,,,,,,,,,,,,,,,,,,,,,,,,,,
CAN,156,Canada,index,Official Core Consumer Price Index,17.2,17.3,17.4,17.4,17.5,17.7,18.0,18.1,18.3,18.5,18.8,19.0,19.3,19.6,20.1,20.4,20.9,21.5,22.1,22.8,23.2,23.8,24.4,24.9,25.3,25.8,26.2,26.6,27.1,27.7,28.2,28.7,29.2,29.7,30.3,31.0,31.4,32.3,32.9,33.7,34.3,35.3,36.2,36.9,38.0,39.1,40.2,41.3,42.3,43.5,44.4,45.3,45.7,46.3,46.9,47.5,47.8,48.2,48.6,49.0,49.4,50.1,50.8,51.2,51.8,52.8,53.5,54.1,54.4,55.1,55.8,56.3,56.9,57.7,58.3,59.1,59.8,60.8,61.7,62.3,62.9,63.5,64.2,64.9,67.0,67.7,68.2,68.5,68.8,69.1,69.3,69.8,70.2,70.3,70.7,71.2,70.7,70.4,70.6,71.1,71.6,72.1,72.5,72.6,72.8,73.1,73.5,73.8,74.1,74.5,74.7,74.7,75.2,75.4,75.7,75.8,75.9,76.6,77.0,77.1,77.2,77.7,78.2,78.6,78.7,79.5,80.1,79.9,80.2,81.4,82.4,82.8,83.2,83.5,83.7,84.3,84.3,84.7,84.9,85.3,85.5,85.8,86.0,86.4,86.5,86.9,87.0,87.8,88.1,88.7,89.1,89.3,89.1,89.5,89.8,90.7,90.7,91.3,91.4,91.7,91.8,92.3,92.7,93.2,93.2,93.6,93.9,94.5,94.6,95.3,95.0,95.4,95.5,95.9,95.9,96.2,96.6,97.2,97.5,98.2,99.2,100.0,100.3,100.5,101.0,102.0,102.3,102.4,103.0,103.5,103.7,104.1,104.9,105.5,106.1,106.3,107.0,107.9,108.5,108.4,108.9,109.1,109.2,109.7,110.2,111.4,112.5,113.3,114.8,117.1,118.7,119.5,120.4,,OECDstat,2015,All Items Excluding Food and Energy,,,,,,,,,,,,,,,,,,,,,,,,,,,,,,,,,,,,,,,,,,,,,,,,,,,,,,,,,,,,,,,,,,,,,,,,,,,,,,,,,,,,,,,,,,,,,,,,,,,,,,,,,,,,,,,,,,,,,,,,,,,,,,,,,,,,,,,,,,,,,,,,,,,,,,,,,,,,,,,,,,,,,,,,,,,,,,,,,,,,,,,,,,,,,,,,,,,,,,,,,,,,,,,,,,,,,,,,,,,,,,,,,,,,,,,,,,,,,,,,,,,,,,,,,,,,,,,,,,,,,,,,,,,,,,,,,,,,,,,,,,,,,,,,,,,,,,,,,,,,,,,,,,,,,,,,,,,,,,,,,,,,,,,,,,,,,,,,,,,,,,,,,,,,,,,,,
CHE,146,Switzerland,index,Official Core Consumer Price Index,32.8,33.1,33.5,34.0,34.6,35.2,35.7,36.5,37.2,37.7,38.2,39.1,40.1,40.9,41.5,43.1,43.9,44.3,45.3,46.6,47.5,48.3,48.6,49.0,49.3,49.3,49.4,49.6,49.8,50.0,50.2,50.3,50.5,50.6,50.6,50.5,50.8,51.2,51.6,51.9,52.3,52.8,53.3,53.9,54.7,55.5,56.3,57.1,57.9,58.8,59.6,60.4,60.8,61.1,61.5,62.0,62.5,62.8,63.1,63.8,64.7,65.0,65.4,66.1,66.7,66.8,67.0,67.6,68.1,68.1,68.4,69.0,69.5,69.6,69.9,70.5,71.2,71.7,72.2,73.4,74.6,75.4,76.3,77.7,79.1,80.3,81.4,82.4,83.9,84.7,85.3,86.3,88.3,88.8,89.4,89.6,90.5,90.3,90.4,90.6,91.6,92.0,92.4,92.6,92.9,92.8,93.0,93.1,93.3,93.2,93.2,93.2,93.4,93.3,93.5,93.6,94.0,94.0,94.3,94.5,94.6,94.4,94.5,94.8,95.2,95.6,95.5,95.6,95.8,96.6,96.0,96.7,96.5,97.2,96.4,97.0,96.7,97.7,96.9,97.9,97.7,98.4,97.3,98.2,98.1,99.0,98.1,98.9,98.4,99.6,98.8,99.8,99.6,100.9,100.3,101.3,100.8,101.8,101.0,102.0,101.4,102.1,101.1,102.0,101.9,102.4,101.5,101.3,100.8,101.2,100.5,100.7,100.3,100.8,100.3,100.6,100.2,100.7,100.3,100.7,100.2,100.3,99.7,99.8,99.6,100.1,99.6,99.4,99.6,100.4,99.9,100.0,100.1,100.7,100.4,100.3,100.5,101.4,100.8,100.7,100.7,100.6,100.4,100.4,100.3,100.9,100.9,101.3,101.7,102.7,102.9,103.0,103.7,,OECDstat,2015,All Items Excluding Food and Energy,,,,,,,,,,,,,,,,,,,,,,,,,,,,,,,,,,,,,,,,,,,,,,,,,,,,,,,,,,,,,,,,,,,,,,,,,,,,,,,,,,,,,,,,,,,,,,,,,,,,,,,,,,,,,,,,,,,,,,,,,,,,,,,,,,,,,,,,,,,,,,,,,,,,,,,,,,,,,,,,,,,,,,,,,,,,,,,,,,,,,,,,,,,,,,,,,,,,,,,,,,,,,,,,,,,,,,,,,,,,,,,,,,,,,,,,,,,,,,,,,,,,,,,,,,,,,,,,,,,,,,,,,,,,,,,,,,,,,,,,,,,,,,,,,,,,,,,,,,,,,,,,,,,,,,,,,,,,,,,,,,,,,,,,,,,,,,,,,,,,,,,,,,,,,,,,,
CHL,228,Chile,index,Official Core Consumer Price Index,,,,,,,,,,,,,,,,,,,,,,,,,,,,,,,,,,,,,,,,,,,,,,,,,,,,,,,,,,,,,,,,,,,,,,,,,,,,,,,,,,,,,,,,,,,,,,,,,,,,,,,,,,,,,,,,,,,,,67.0,67.7,67.7,68.0,68.8,69.6,69.9,70.5,71.1,71.7,72.3,73.0,73.4,73.8,74.1,74.4,74.6,75.4,75.1,75.4,75.3,75.9,76.3,76.6,76.8,77.7,78.2,78.7,79.1,80.0,80.7,80.9,81.2,81.5,82.4,83.2,84.2,85.3,87.1,88.8,88.0,87.5,87.0,86.8,87.4,87.7,88.2,87.9,88.3,88.7,89.0,89.6,90.6,90.9,90.9,91.1,91.5,91.6,91.9,92.8,94.0,95.4,95.8,97.0,98.4,99.6,100.5,101.6,103.2,103.9,104.3,104.6,105.5,106.2,106.2,106.6,107.2,108.0,108.3,108.9,109.9,110.7,111.2,111.9,112.7,113.0,113.4,114.6,115.6,116.5,117.9,121.2,123.8,127.0,130.2,132.2,134.9,,OECDstat,2015,All Items Excluding Food and Energy,,,,,,,,,,,,,,,,,,,,,,,,,,,,,,,,,,,,,,,,,,,,,,,,,,,,,,,,,,,,,,,,,,,,,,,,,,,,,,,,,,,,,,,,,,,,,,,,,,,,,,,,,,,,,,,,,,,,,,,,,,,,,,,,,,,,,,,,,,,,,,,,,,,,,,,,,,,,,,,,,,,,,,,,,,,,,,,,,,,,,,,,,,,,,,,,,,,,,,,,,,,,,,,,,,,,,,,,,,,,,,,,,,,,,,,,,,,,,,,,,,,,,,,,,,,,,,,,,,,,,,,,,,,,,,,,,,,,,,,,,,,,,,,,,,,,,,,,,,,,,,,,,,,,,,,,,,,,,,,,,,,,,,,,,,,,,,,,,,,,,,,,,,,,,,,,,
CHN,924,China,index,Official Core Consumer Price Index,,,,,,,,,,,,,,,,,,,,,,,,,,,,,,,,,,,,,,,,,,,,,,,,,,,,,,,,,,,,,,,,,,,,,,,,,,,,,,,,,,,,,,,,,,,,,,,,,,,,,,,,,,,,,,,,,,,,,,,,,,,,,,,,,,,,,,,,,,,,,83.1,83.0,82.9,83.1,83.3,83.5,83.6,83.8,84.0,84.2,84.3,84.6,84.9,85.1,85.4,84.9,84.3,84.0,84.0,84.2,84.5,84.8,85.0,85.6,86.2,86.7,87.0,87.2,87.4,87.8,88.3,88.6,88.9,89.3,89.6,90.1,90.4,90.8,91.0,91.4,91.8,92.2,92.5,92.8,93.1,93.6,94.1,94.6,95.2,95.7,96.2,96.6,97.0,97.3,97.8,98.3,98.8,99.0,99.5,99.7,100.0,99.9,99.9,100.2,100.3,100.8,101.0,101.2,101.3,101.5,101.6,101.6,101.9,,National sources,2015,All Items Excluding Food and Energy,,,,,,,,,,,,,,,,,,,,,,,,,,,,,,,,,,,,,,,,,,,,,,,,,,,,,,,,,,,,,,,,,,,,,,,,,,,,,,,,,,,,,,,,,,,,,,,,,,,,,,,,,,,,,,,,,,,,,,,,,,,,,,,,,,,,,,,,,,,,,,,,,,,,,,,,,,,,,,,,,,,,,,,,,,,,,,,,,,,,,,,,,,,,,,,,,,,,,,,,,,,,,,,,,,,,,,,,,,,,,,,,,,,,,,,,,,,,,,,,,,,,,,,,,,,,,,,,,,,,,,,,,,,,,,,,,,,,,,,,,,,,,,,,,,,,,,,,,,,,,,,,,,,,,,,,,,,,,,,,,,,,,,,,,,,,,,,,,,,,,,,,,,,,,,,,,
COL,233,Colombia,index,Official Core Consumer Price Index,,,,,,,,,,,,,,,,,,,,,,,,,,,,,,,,,,,,,,,,,,,,,,,,,,,,,,,,,,,,,,,,,,,,,,,,,,,,,,,,,,,,,,,,,,,,,,,,,,,,,23.5,25.3,26.4,27.3,28.6,30.9,32.3,33.4,34.8,37.1,38.4,39.3,40.9,43.5,44.8,45.9,48.2,49.6,50.3,50.9,52.4,53.8,54.4,54.9,56.2,57.6,58.1,58.5,59.6,60.6,61.0,61.5,63.1,64.3,64.9,65.4,66.7,67.9,68.4,68.7,69.9,70.8,71.2,71.6,72.6,73.3,73.9,74.3,75.6,76.6,77.2,77.7,79.1,80.2,80.8,81.5,82.8,83.8,84.2,84.3,85.4,85.8,86.1,86.3,87.5,88.1,88.4,88.8,90.0,90.7,91.1,91.5,92.4,93.1,93.6,93.9,95.0,95.8,96.1,96.6,98.2,99.6,100.5,101.7,103.9,105.8,106.8,107.5,109.9,111.7,112.2,112.7,114.5,115.6,116.0,116.4,117.9,119.1,119.7,120.3,121.8,121.8,121.9,122.2,123.2,124.1,125.0,125.4,128.6,131.4,133.7,136.3,141.6,,OECDstat,2015,All Items Excluding Food and Energy,,,,,,,,,,,,,,,,,,,,,,,,,,,,,,,,,,,,,,,,,,,,,,,,,,,,,,,,,,,,,,,,,,,,,,,,,,,,,,,,,,,,,,,,,,,,,,,,,,,,,,,,,,,,,,,,,,,,,,,,,,,,,,,,,,,,,,,,,,,,,,,,,,,,,,,,,,,,,,,,,,,,,,,,,,,,,,,,,,,,,,,,,,,,,,,,,,,,,,,,,,,,,,,,,,,,,,,,,,,,,,,,,,,,,,,,,,,,,,,,,,,,,,,,,,,,,,,,,,,,,,,,,,,,,,,,,,,,,,,,,,,,,,,,,,,,,,,,,,,,,,,,,,,,,,,,,,,,,,,,,,,,,,,,,,,,,,,,,,,,,,,,,,,,,,,,,
CRI,238,Costa Rica,index,Official Core Consumer Price Index,,,,,,,,,,,,,,,,,,,,,,,,,,,,,,,,,,,,,,,,,,,,,,,,,,,,,,,,,,,,,,,,,,,,,,,,,,,,,,,,,,,,,,,,,,,,,,,,,,,,,,,,,,,,,,,,,,,,,,,,,,,,,,,,,,,,,,,,,,,,,,,,,,,64.9,66.1,67.2,68.1,68.4,69.5,70.5,72.0,74.4,76.2,77.4,78.3,79.1,79.7,80.4,80.8,81.1,81.8,82.5,83.6,84.3,85.1,85.8,86.2,86.8,87.3,87.9,88.3,88.8,89.5,90.6,91.9,92.4,93.0,93.3,93.6,93.7,93.7,93.8,94.1,94.5,94.8,94.8,95.2,95.5,95.8,96.1,96.3,96.6,97.5,98.3,98.5,99.2,99.3,99.5,99.6,99.8,100.0,100.1,100.2,100.6,102.1,103.1,105.2,106.5,106.6,106.8,,National sources,End-2020,All Items Excluding Food and Energy,,,,,,,,,,,,,,,,,,,,,,,,,,,,,,,,,,,,,,,,,,,,,,,,,,,,,,,,,,,,,,,,,,,,,,,,,,,,,,,,,,,,,,,,,,,,,,,,,,,,,,,,,,,,,,,,,,,,,,,,,,,,,,,,,,,,,,,,,,,,,,,,,,,,,,,,,,,,,,,,,,,,,,,,,,,,,,,,,,,,,,,,,,,,,,,,,,,,,,,,,,,,,,,,,,,,,,,,,,,,,,,,,,,,,,,,,,,,,,,,,,,,,,,,,,,,,,,,,,,,,,,,,,,,,,,,,,,,,,,,,,,,,,,,,,,,,,,,,,,,,,,,,,,,,,,,,,,,,,,,,,,,,,,,,,,,,,,,,,,,,,,,,,,,,,,,,
CYP,423,Cyprus,index,Official Core Consumer Price Index,,,,,,,,,,,,,,,,,,,,,,,,,,,,,,,,,,,,,,,,,,,,,,,,,,,,,,,,,,,,,,,,,,,,,,,,,,,,,,,,,,,,,,,,,,,,,,,,,,,,,,,,,73.2,74.7,74.4,75.6,75.0,76.3,76.0,78.1,77.2,79.3,78.6,79.7,78.8,80.0,80.0,80.8,80.7,82.7,82.0,83.2,82.0,84.1,83.2,84.5,83.1,85.6,85.5,86.6,86.5,88.3,87.7,89.0,86.8,88.8,88.4,90.3,88.3,90.0,88.4,90.4,88.7,90.3,89.6,91.3,89.6,91.7,91.4,93.3,91.8,94.1,94.0,95.9,94.2,96.8,95.5,97.3,95.0,96.8,96.2,97.3,96.4,99.0,97.8,99.0,97.4,100.9,100.4,100.1,98.6,101.2,101.0,99.7,98.4,101.5,101.8,99.7,98.3,100.7,101.4,99.6,97.8,99.8,100.6,99.2,97.6,99.9,100.8,98.9,97.2,100.0,101.0,99.2,97.8,100.6,101.8,99.8,97.9,99.8,100.3,99.4,98.6,100.2,101.0,101.8,101.2,105.5,108.0,108.3,107.7,,Eurostat,2015,All Items Excluding unprocessed food and energy,,,,,,,,,,,,,,,,,,,,,,,,,,,,,,,,,,,,,,,,,,,,,,,,,,,,,,,,,,,,,,,,,,,,,,,,,,,,,,,,,,,,,,,,,,,,,,,,,,,,,,,,,,,,,,,,,,,,,,,,,,,,,,,,,,,,,,,,,,,,,,,,,,,,,,,,,,,,,,,,,,,,,,,,,,,,,,,,,,,,,,,,,,,,,,,,,,,,,,,,,,,,,,,,,,,,,,,,,,,,,,,,,,,,,,,,,,,,,,,,,,,,,,,,,,,,,,,,,,,,,,,,,,,,,,,,,,,,,,,,,,,,,,,,,,,,,,,,,,,,,,,,,,,,,,,,,,,,,,,,,,,,,,,,,,,,,,,,,,,,,,,,,,,,,,,,,
CZE,935,Czech Republic,index,Official Core Consumer Price Index,,,,,,,,,,,,,,,,,,,,,,,,,,,,,,,,,,,,,,,,,,,,,,,,,,,,,,,,,,,,,,,,,,,,,,,,,,,,,,,,,,,,,,,,,,,,,,,,,,,,,64.8,66.5,67.7,68.8,70.6,71.8,73.0,73.8,75.2,76.6,79.0,80.3,82.5,83.5,84.7,84.8,85.5,85.7,86.4,86.4,87.1,87.1,87.7,87.6,84.7,85.1,86.5,86.1,86.8,87.0,87.9,87.1,87.4,87.2,87.4,86.9,88.2,88.5,89.1,88.5,88.8,89.0,89.9,89.5,89.8,89.8,90.4,89.9,91.3,91.9,92.6,92.6,95.0,95.5,96.0,95.6,96.2,96.3,96.3,96.0,96.4,96.6,96.7,96.2,96.4,96.5,96.8,96.6,97.3,97.5,97.7,97.5,98.1,98.2,98.1,98.1,98.3,98.7,99.1,98.9,99.4,100.0,100.3,100.3,100.9,101.6,101.9,102.1,102.9,103.5,104.0,104.2,105.0,105.9,106.7,106.8,107.9,108.4,109.3,109.5,111.3,112.1,113.7,113.8,115.3,116.5,119.4,122.1,126.7,131.2,135.4,137.8,141.1,,OECDstat,2015,All Items Excluding Food and Energy,,,,,,,,,,,,,,,,,,,,,,,,,,,,,,,,,,,,,,,,,,,,,,,,,,,,,,,,,,,,,,,,,,,,,,,,,,,,,,,,,,,,,,,,,,,,,,,,,,,,,,,,,,,,,,,,,,,,,,,,,,,,,,,,,,,,,,,,,,,,,,,,,,,,,,,,,,,,,,,,,,,,,,,,,,,,,,,,,,,,,,,,,,,,,,,,,,,,,,,,,,,,,,,,,,,,,,,,,,,,,,,,,,,,,,,,,,,,,,,,,,,,,,,,,,,,,,,,,,,,,,,,,,,,,,,,,,,,,,,,,,,,,,,,,,,,,,,,,,,,,,,,,,,,,,,,,,,,,,,,,,,,,,,,,,,,,,,,,,,,,,,,,,,,,,,,,
DEU,134,Germany,index,Official Core Consumer Price Index,30.1,30.4,30.5,30.8,31.5,32.0,32.3,32.6,33.3,33.6,34.1,34.6,35.3,35.9,36.3,36.7,37.6,38.4,38.8,39.3,40.0,40.7,40.9,41.2,41.9,42.3,42.4,42.8,43.4,43.9,44.1,44.2,44.8,45.3,45.3,45.5,46.0,46.4,47.0,47.5,48.3,49.1,49.5,49.9,50.9,51.7,52.4,53.1,53.7,54.2,54.8,55.4,56.0,56.3,56.9,57.2,57.6,57.9,58.0,58.5,58.9,59.3,59.3,59.5,59.8,59.8,59.7,59.7,60.2,60.5,60.5,60.7,61.2,61.4,61.6,62.0,62.7,63.3,63.3,63.6,64.3,64.6,64.9,65.4,66.0,66.7,67.6,69.0,70.0,70.9,71.6,71.9,74.0,74.7,75.6,75.7,76.5,76.9,77.4,77.5,78.2,78.5,79.1,79.0,79.7,79.8,80.2,80.2,81.0,81.1,82.1,81.9,82.3,82.5,83.0,82.9,82.9,82.9,83.3,83.2,83.3,83.2,83.6,83.7,84.0,84.3,84.7,85.1,85.6,85.7,86.0,86.1,86.3,86.4,86.8,86.9,87.5,88.0,88.3,88.5,88.6,88.5,88.8,89.0,89.0,89.1,89.4,89.8,90.4,90.8,91.3,91.6,91.8,91.9,92.5,92.8,92.9,93.1,93.6,93.7,93.6,93.7,94.2,94.2,94.3,94.6,95.0,95.2,95.4,95.7,96.3,96.6,96.5,96.8,97.6,97.8,97.9,98.2,98.8,98.9,98.9,100.0,100.7,100.3,100.2,101.1,101.9,101.5,101.2,102.5,103.4,102.7,102.5,103.8,104.6,104.1,103.8,105.4,106.2,105.8,105.2,106.0,105.5,105.7,106.7,107.7,108.6,109.2,109.8,111.7,113.0,114.7,116.1,,OECDstat,2015,All Items Excluding Food and Energy,,,,,,,,,,,,,,,,,,,,,,,,,,,,,,,,,,,,,,,,,,,,,,,,,,,,,,,,,,,,,,,,,,,,,,,,,,,,,,,,,,,,,,,,,,,,,,,,,,,,,,,,,,,,,,,,,,,,,,,,,,,,,,,,,,,,,,,,,,,,,,,,,,,,,,,,,,,,,,,,,,,,,,,,,,,,,,,,,,,,,,,,,,,,,,,,,,,,,,,,,,,,,,,,,,,,,,,,,,,,,,,,,,,,,,,,,,,,,,,,,,,,,,,,,,,,,,,,,,,,,,,,,,,,,,,,,,,,,,,,,,,,,,,,,,,,,,,,,,,,,,,,,,,,,,,,,,,,,,,,,,,,,,,,,,,,,,,,,,,,,,,,,,,,,,,,,
DNK,128,Denmark,index,Official Core Consumer Price Index,13.9,14.1,14.5,14.7,14.7,15.0,15.2,15.4,15.6,15.9,16.1,16.5,16.7,17.2,17.5,18.1,18.7,19.4,20.2,21.0,21.3,21.7,22.0,21.9,22.5,23.4,23.8,24.6,24.9,25.7,26.3,27.4,28.0,28.6,28.9,29.8,30.0,30.8,31.9,32.8,33.4,34.3,35.1,35.8,36.5,37.9,38.7,39.6,40.4,41.5,42.3,43.5,44.1,45.1,45.6,46.5,47.1,48.0,48.5,49.3,49.8,50.6,50.8,51.4,51.4,52.8,53.0,53.6,53.9,55.0,55.4,56.2,56.9,57.9,58.1,58.9,59.6,60.6,60.9,61.7,61.9,62.6,62.9,63.6,63.9,64.6,64.7,65.3,65.5,66.3,66.4,66.7,66.8,67.4,67.5,68.0,68.2,68.7,68.8,69.3,69.5,70.2,70.1,70.6,70.9,71.6,71.6,72.1,72.2,72.8,72.9,73.4,73.5,74.2,74.3,74.9,75.2,76.0,76.1,76.6,76.7,77.5,77.5,78.1,78.3,79.1,79.2,79.9,80.3,81.1,81.2,81.9,82.4,83.3,83.0,83.4,83.8,84.4,84.0,84.4,84.7,85.5,85.2,85.6,85.9,86.6,86.4,86.9,87.2,87.9,87.5,88.0,88.8,89.7,89.8,90.3,90.9,91.7,91.7,92.0,92.6,93.3,93.4,93.7,94.4,95.3,95.1,95.2,96.2,97.1,97.1,97.3,97.4,98.1,97.9,98.3,98.5,98.9,98.7,99.1,99.5,100.1,100.1,100.3,100.5,100.9,100.8,100.6,100.9,101.6,102.1,101.7,101.6,102.3,102.9,102.4,102.7,103.1,103.4,103.3,103.6,104.0,104.4,104.3,104.6,105.3,105.5,105.9,107.0,109.2,110.6,111.5,113.0,,OECDstat,2015,All Items Excluding Food and Energy,,,,,,,,,,,,,,,,,,,,,,,,,,,,,,,,,,,,,,,,,,,,,,,,,,,,,,,,,,,,,,,,,,,,,,,,,,,,,,,,,,,,,,,,,,,,,,,,,,,,,,,,,,,,,,,,,,,,,,,,,,,,,,,,,,,,,,,,,,,,,,,,,,,,,,,,,,,,,,,,,,,,,,,,,,,,,,,,,,,,,,,,,,,,,,,,,,,,,,,,,,,,,,,,,,,,,,,,,,,,,,,,,,,,,,,,,,,,,,,,,,,,,,,,,,,,,,,,,,,,,,,,,,,,,,,,,,,,,,,,,,,,,,,,,,,,,,,,,,,,,,,,,,,,,,,,,,,,,,,,,,,,,,,,,,,,,,,,,,,,,,,,,,,,,,,,,
DOM,243,Dominican Republic,index,Official Core Consumer Price Index,,,,,,,,,,,,,,,,,,,,,,,,,,,,,,,,,,,,,,,,,,,,,,,,,,,,,,,,,,,,,,,,,,,,,,,,,,,,,,,,,,,,,,,,,,,,,,,,,,,,,,,,,,,,,,,,,,,,,,,,,25.7,26.3,27.0,27.5,28.1,28.5,28.8,29.5,29.2,29.7,30.3,31.2,33.1,35.2,38.6,42.2,49.8,54.6,56.9,57.7,56.6,56.8,57.5,58.8,59.2,59.8,60.7,61.7,62.3,62.7,63.4,64.1,65.4,67.0,68.7,69.8,70.5,71.0,71.4,72.0,72.5,73.2,74.0,75.0,76.3,77.4,78.3,79.1,79.5,80.2,81.0,81.9,83.5,84.2,85.0,85.6,86.3,87.1,87.7,88.2,88.7,89.1,89.4,89.8,90.1,90.5,91.0,91.5,92.0,92.5,93.0,93.6,94.3,95.0,95.4,95.9,96.4,96.9,97.4,98.1,98.8,99.9,101.5,102.6,104.1,105.7,107.5,109.4,111.3,113.3,115.1,116.7,118.4,,National sources,Oct.19-Sep.20,All Items Excluding Food and Energy,,,,,,,,,,,,,,,,,,,,,,,,,,,,,,,,,,,,,,,,,,,,,,,,,,,,,,,,,,,,,,,,,,,,,,,,,,,,,,,,,,,,,,,,,,,,,,,,,,,,,,,,,,,,,,,,,,,,,,,,,,,,,,,,,,,,,,,,,,,,,,,,,,,,,,,,,,,,,,,,,,,,,,,,,,,,,,,,,,,,,,,,,,,,,,,,,,,,,,,,,,,,,,,,,,,,,,,,,,,,,,,,,,,,,,,,,,,,,,,,,,,,,,,,,,,,,,,,,,,,,,,,,,,,,,,,,,,,,,,,,,,,,,,,,,,,,,,,,,,,,,,,,,,,,,,,,,,,,,,,,,,,,,,,,,,,,,,,,,,,,,,,,,,,,,,,,
EGY,469,"Egypt, Arab Rep.",index,Official Core Consumer Price Index,,,,,,,,,,,,,,,,,,,,,,,,,,,,,,,,,,,,,,,,,,,,,,,,,,,,,,,,,,,,,,,,,,,,,,,,,,,,,,,,,,,,,,,,,,,,,,,,,,,,,,,,,,,,,,,,,,,,,,,,,,,,,,,,,,,,,,,,,,,,,25.1,25.5,25.4,25.7,25.9,26.5,27.3,28.4,28.7,28.8,29.2,30.0,32.4,34.4,35.7,36.3,36.6,37.4,38.0,38.5,38.9,39.5,40.8,41.9,42.5,43.0,44.0,45.0,45.6,46.2,46.4,47.0,48.6,49.9,51.0,52.5,53.6,54.3,56.0,56.7,57.5,58.4,59.3,60.7,62.0,65.0,67.1,73.3,81.9,85.4,90.2,91.7,92.3,95.0,98.0,99.4,100.6,101.9,102.5,101.8,102.8,103.6,104.2,105.7,106.5,107.2,109.1,111.6,114.8,121.5,127.5,135.7,157.4,,National sources,2018-19,All Items Excluding Fruits & Veg & Regulated Items,,,,,,,,,,,,,,,,,,,,,,,,,,,,,,,,,,,,,,,,,,,,,,,,,,,,,,,,,,,,,,,,,,,,,,,,,,,,,,,,,,,,,,,,,,,,,,,,,,,,,,,,,,,,,,,,,,,,,,,,,,,,,,,,,,,,,,,,,,,,,,,,,,,,,,,,,,,,,,,,,,,,,,,,,,,,,,,,,,,,,,,,,,,,,,,,,,,,,,,,,,,,,,,,,,,,,,,,,,,,,,,,,,,,,,,,,,,,,,,,,,,,,,,,,,,,,,,,,,,,,,,,,,,,,,,,,,,,,,,,,,,,,,,,,,,,,,,,,,,,,,,,,,,,,,,,,,,,,,,,,,,,,,,,,,,,,,,,,,,,,,,,,,,,,,,,,
ESP,184,Spain,index,Official Core Consumer Price Index,,,,,,,,,,,,,,,,,,,,,,,,,8.7,9.5,9.8,10.3,11.1,11.8,12.4,13.1,13.7,14.5,15.0,15.7,16.5,17.3,17.7,18.6,19.3,20.0,20.5,21.2,21.8,22.5,23.0,23.8,24.8,25.9,26.5,27.2,28.1,29.0,29.7,30.6,31.5,32.1,32.8,33.6,34.5,35.2,35.7,36.5,38.1,38.9,39.4,40.1,40.8,41.5,41.9,42.5,43.2,43.9,44.6,45.2,46.3,47.0,47.5,48.3,49.3,50.2,50.8,51.4,52.8,53.6,54.2,55.1,56.4,57.3,58.0,58.9,59.9,60.9,61.4,61.9,62.8,63.4,64.0,64.6,65.5,66.5,66.9,67.5,68.1,68.8,69.2,69.5,70.1,70.5,71.0,71.2,71.7,72.3,72.9,73.1,73.6,74.1,74.6,74.8,75.4,76.1,77.0,77.3,78.1,78.9,79.6,79.9,80.0,81.7,81.1,82.8,82.4,84.3,83.5,84.9,84.2,86.3,85.5,87.1,86.4,88.4,87.6,89.4,88.7,90.9,90.1,91.7,91.0,93.1,92.2,93.8,93.1,95.2,94.5,96.0,94.6,96.2,94.9,96.2,94.6,96.3,95.8,97.3,95.9,97.8,96.9,98.4,96.7,98.5,98.1,100.5,98.6,100.2,99.1,100.3,98.4,100.2,99.0,100.2,98.6,100.6,99.7,101.1,99.5,101.2,100.5,102.1,100.7,102.5,101.8,102.9,101.6,103.5,102.7,103.9,102.5,104.4,103.7,105.0,103.5,105.4,104.0,105.1,103.8,105.4,104.6,106.6,106.2,109.2,109.4,111.1,111.7,,OECDstat,2015,All Items Excluding Food and Energy,,,,,,,,,,,,,,,,,,,,,,,,,,,,,,,,,,,,,,,,,,,,,,,,,,,,,,,,,,,,,,,,,,,,,,,,,,,,,,,,,,,,,,,,,,,,,,,,,,,,,,,,,,,,,,,,,,,,,,,,,,,,,,,,,,,,,,,,,,,,,,,,,,,,,,,,,,,,,,,,,,,,,,,,,,,,,,,,,,,,,,,,,,,,,,,,,,,,,,,,,,,,,,,,,,,,,,,,,,,,,,,,,,,,,,,,,,,,,,,,,,,,,,,,,,,,,,,,,,,,,,,,,,,,,,,,,,,,,,,,,,,,,,,,,,,,,,,,,,,,,,,,,,,,,,,,,,,,,,,,,,,,,,,,,,,,,,,,,,,,,,,,,,,,,,,,,
EST,939,Estonia,index,Official Core Consumer Price Index,,,,,,,,,,,,,,,,,,,,,,,,,,,,,,,,,,,,,,,,,,,,,,,,,,,,,,,,,,,,,,,,,,,,,,,,,,,,,,,,,,,,,,,,,,,,,,,,,,,,,,,,,,,,,,,,,,61.9,62.6,63.6,64.9,65.7,66.2,66.5,67.4,68.0,68.5,69.6,70.5,71.1,71.3,71.9,72.7,73.0,73.3,74.0,74.8,74.7,75.2,75.4,75.5,75.8,76.0,76.4,76.7,77.1,77.5,78.1,78.7,79.4,80.3,81.3,82.4,83.6,84.9,86.1,87.8,88.7,90.6,91.7,91.6,91.0,91.5,91.4,91.1,91.6,92.6,93.0,93.0,93.9,94.7,95.1,95.4,96.3,96.5,96.9,96.8,97.8,98.0,97.9,98.1,98.9,98.8,98.5,99.2,100.2,100.3,100.4,100.6,101.5,101.7,101.6,102.2,103.3,104.3,104.1,104.2,105.7,106.7,106.9,106.4,108.2,108.9,108.9,108.0,107.8,108.6,108.6,108.8,110.1,112.2,114.1,115.7,120.2,124.9,127.7,129.7,,OECDstat,2015,All Items Excluding Food and Energy,,,,,,,,,,,,,,,,,,,,,,,,,,,,,,,,,,,,,,,,,,,,,,,,,,,,,,,,,,,,,,,,,,,,,,,,,,,,,,,,,,,,,,,,,,,,,,,,,,,,,,,,,,,,,,,,,,,,,,,,,,,,,,,,,,,,,,,,,,,,,,,,,,,,,,,,,,,,,,,,,,,,,,,,,,,,,,,,,,,,,,,,,,,,,,,,,,,,,,,,,,,,,,,,,,,,,,,,,,,,,,,,,,,,,,,,,,,,,,,,,,,,,,,,,,,,,,,,,,,,,,,,,,,,,,,,,,,,,,,,,,,,,,,,,,,,,,,,,,,,,,,,,,,,,,,,,,,,,,,,,,,,,,,,,,,,,,,,,,,,,,,,,,,,,,,,,
FIN,172,Finland,index,Official Core Consumer Price Index,12.1,12.2,12.2,12.3,12.5,12.8,13.2,13.4,13.3,13.7,13.9,14.1,14.4,14.8,15.6,16.0,16.5,17.2,17.8,18.4,19.4,20.2,20.9,21.7,22.8,23.1,23.7,24.3,25.0,25.7,26.3,26.8,27.3,28.1,28.5,29.0,29.7,30.4,30.9,31.4,32.4,33.3,34.1,35.2,36.1,36.9,37.5,38.3,39.3,40.4,41.0,41.4,42.6,43.9,45.0,45.7,46.6,47.5,48.1,48.6,49.4,50.0,50.2,50.6,51.2,51.6,52.0,52.4,53.4,54.1,54.5,54.9,56.0,57.4,58.3,59.2,60.3,61.8,62.7,63.5,65.0,65.9,66.6,67.0,68.5,69.4,69.4,69.9,70.9,71.6,72.0,72.6,73.0,73.5,73.3,73.5,73.5,74.0,74.9,75.4,76.1,76.6,76.9,76.9,76.7,76.8,76.9,77.0,77.0,77.6,77.8,78.3,78.3,78.9,79.0,79.5,79.3,79.9,79.9,80.5,81.0,81.8,82.1,82.9,83.3,84.2,84.2,84.6,84.7,85.4,85.5,86.0,85.7,86.1,85.7,86.0,85.7,85.5,85.6,86.0,85.7,86.0,85.7,86.1,86.0,86.8,87.0,88.0,88.3,89.3,89.5,90.0,90.4,91.3,91.8,92.6,92.1,91.8,91.6,92.1,92.4,93.0,92.8,93.7,93.9,94.7,95.2,95.8,96.3,97.2,97.2,97.4,97.4,98.0,98.1,98.5,98.8,99.4,99.6,100.0,99.6,99.8,100.1,100.5,100.3,101.0,101.1,101.4,101.1,101.7,101.7,101.9,101.8,102.3,102.4,102.7,102.6,103.2,103.4,103.5,103.2,103.5,103.9,104.1,104.4,105.1,105.7,106.6,107.3,109.1,110.5,112.5,114.3,,OECDstat,2015,All Items Excluding Food and Energy,,,,,,,,,,,,,,,,,,,,,,,,,,,,,,,,,,,,,,,,,,,,,,,,,,,,,,,,,,,,,,,,,,,,,,,,,,,,,,,,,,,,,,,,,,,,,,,,,,,,,,,,,,,,,,,,,,,,,,,,,,,,,,,,,,,,,,,,,,,,,,,,,,,,,,,,,,,,,,,,,,,,,,,,,,,,,,,,,,,,,,,,,,,,,,,,,,,,,,,,,,,,,,,,,,,,,,,,,,,,,,,,,,,,,,,,,,,,,,,,,,,,,,,,,,,,,,,,,,,,,,,,,,,,,,,,,,,,,,,,,,,,,,,,,,,,,,,,,,,,,,,,,,,,,,,,,,,,,,,,,,,,,,,,,,,,,,,,,,,,,,,,,,,,,,,,,
FRA,132,France,index,Official Core Consumer Price Index,15.1,15.2,15.4,15.6,15.8,16.0,16.2,16.4,16.6,16.9,17.2,17.5,17.7,18.0,18.4,18.9,19.4,20.2,20.8,21.6,22.2,22.7,23.2,23.7,24.3,24.8,25.3,25.9,26.2,26.9,27.6,28.1,28.6,29.4,30.1,30.8,31.5,32.4,33.3,34.3,35.4,36.6,37.8,38.9,39.9,41.1,42.5,43.9,45.1,46.4,47.0,47.7,49.2,50.6,51.6,52.6,53.5,54.5,55.3,56.0,56.7,57.7,58.4,58.9,59.4,60.0,60.6,61.2,61.9,62.6,63.0,63.3,63.7,64.4,65.0,65.4,65.9,66.5,67.0,67.4,67.9,68.5,69.1,69.6,70.3,70.8,71.4,72.0,72.6,73.2,73.7,74.0,74.7,75.2,75.5,75.8,76.2,76.6,76.8,77.1,77.5,77.9,78.3,78.9,79.3,79.9,79.9,80.0,80.2,80.6,80.6,80.7,80.8,81.3,81.3,81.3,81.3,81.8,81.7,81.7,81.7,82.0,82.1,82.3,82.4,83.0,83.2,83.5,84.0,84.6,85.1,85.4,85.8,86.3,86.6,87.3,87.8,88.3,88.7,88.9,89.0,89.6,89.7,89.9,90.0,90.6,90.7,91.0,91.2,91.9,92.1,92.5,92.6,93.4,93.5,93.8,94.0,94.7,94.7,94.8,95.0,95.5,95.6,95.7,95.7,96.6,96.5,97.0,97.1,98.0,98.0,98.1,98.0,98.7,98.8,98.9,99.0,99.7,99.7,99.6,99.3,100.2,100.3,100.2,99.9,100.6,100.6,100.5,100.2,101.1,101.2,101.2,101.2,102.3,102.4,102.1,101.9,103.0,103.1,103.2,103.1,103.7,104.2,103.8,104.0,104.6,105.0,105.2,105.8,107.5,108.5,108.7,109.6,,OECDstat,2015,All Items Excluding Food and Energy,,,,,,,,,,,,,,,,,,,,,,,,,,,,,,,,,,,,,,,,,,,,,,,,,,,,,,,,,,,,,,,,,,,,,,,,,,,,,,,,,,,,,,,,,,,,,,,,,,,,,,,,,,,,,,,,,,,,,,,,,,,,,,,,,,,,,,,,,,,,,,,,,,,,,,,,,,,,,,,,,,,,,,,,,,,,,,,,,,,,,,,,,,,,,,,,,,,,,,,,,,,,,,,,,,,,,,,,,,,,,,,,,,,,,,,,,,,,,,,,,,,,,,,,,,,,,,,,,,,,,,,,,,,,,,,,,,,,,,,,,,,,,,,,,,,,,,,,,,,,,,,,,,,,,,,,,,,,,,,,,,,,,,,,,,,,,,,,,,,,,,,,,,,,,,,,,
GBR,112,United Kingdom,index,Official Core Consumer Price Index,9.0,9.2,9.3,9.5,9.8,10.1,10.2,10.3,10.5,10.7,10.9,11.1,11.3,11.6,11.8,12.1,12.5,13.2,13.6,14.1,14.6,16.1,16.9,17.5,17.9,18.6,19.0,19.7,20.7,21.6,22.1,22.5,23.0,23.6,24.1,24.6,25.2,26.2,27.8,28.6,30.1,31.9,32.4,33.1,33.7,35.4,35.8,36.8,37.3,38.5,38.7,38.8,38.9,39.9,40.4,40.8,41.0,41.9,42.5,43.1,43.6,45.2,45.5,45.8,46.1,47.0,47.1,47.8,48.4,49.2,49.5,50.1,50.3,51.6,52.5,53.8,54.6,56.1,56.7,57.9,58.9,61.9,62.8,63.7,64.2,65.4,65.6,66.4,66.8,68.4,68.5,68.7,68.0,69.1,69.4,69.8,69.8,70.9,70.9,71.5,71.9,73.4,73.5,73.7,73.8,74.7,74.8,75.5,75.3,76.1,76.2,76.9,76.6,77.3,77.2,77.8,77.4,78.0,77.7,78.1,77.4,78.0,77.7,78.3,77.8,78.8,78.9,79.2,79.0,79.8,80.0,80.5,80.3,80.8,81.0,81.4,81.2,81.7,81.8,82.2,82.2,82.9,83.2,83.6,83.6,84.3,84.5,85.2,85.2,86.0,86.2,86.7,86.6,87.6,88.1,88.4,88.2,89.1,89.5,89.8,89.9,90.8,91.1,91.7,92.3,93.3,93.7,94.3,94.4,95.2,95.5,96.4,96.4,97.1,97.3,98.0,97.9,98.8,99.0,99.4,99.2,99.8,100.2,100.7,100.7,101.4,101.8,102.5,102.6,103.8,104.4,104.9,104.9,105.8,106.3,106.8,106.8,107.6,108.0,108.5,108.5,109.1,109.5,110.0,110.0,111.2,112.3,113.9,115.0,117.1,118.7,120.5,121.4,,OECDstat,2015,All Items Excluding Food and Energy,,,,,,,,,,,,,,,,,,,,,,,,,,,,,,,,,,,,,,,,,,,,,,,,,,,,,,,,,,,,,,,,,,,,,,,,,,,,,,,,,,,,,,,,,,,,,,,,,,,,,,,,,,,,,,,,,,,,,,,,,,,,,,,,,,,,,,,,,,,,,,,,,,,,,,,,,,,,,,,,,,,,,,,,,,,,,,,,,,,,,,,,,,,,,,,,,,,,,,,,,,,,,,,,,,,,,,,,,,,,,,,,,,,,,,,,,,,,,,,,,,,,,,,,,,,,,,,,,,,,,,,,,,,,,,,,,,,,,,,,,,,,,,,,,,,,,,,,,,,,,,,,,,,,,,,,,,,,,,,,,,,,,,,,,,,,,,,,,,,,,,,,,,,,,,,,,
GRC,174,Greece,index,Official Core Consumer Price Index,1.4,1.5,1.4,1.5,1.5,1.5,1.5,1.5,1.5,1.6,1.6,1.6,1.6,1.7,1.8,2.1,2.1,2.2,2.2,2.3,2.4,2.5,2.5,2.7,2.7,2.9,2.9,3.0,3.0,3.2,3.2,3.4,3.4,3.6,3.6,3.8,4.0,4.2,4.3,4.6,4.9,5.2,5.4,5.8,6.1,6.4,6.5,7.0,7.3,7.8,7.9,8.4,8.9,9.4,9.6,10.2,10.6,11.1,11.3,12.0,12.5,13.1,13.4,14.8,15.7,16.4,16.7,17.8,18.3,19.4,19.6,20.8,21.1,22.1,22.4,23.7,23.8,24.9,25.3,26.8,27.6,29.4,30.1,32.3,32.8,34.7,35.6,38.0,38.9,40.6,41.2,44.2,45.2,47.8,48.0,50.2,50.9,52.7,53.2,55.6,56.3,58.0,58.1,60.5,61.4,63.0,63.0,65.5,66.1,68.0,67.6,69.6,69.5,72.2,71.9,73.8,73.2,75.0,74.2,75.4,74.6,76.3,75.6,77.7,77.2,78.9,78.3,80.1,79.6,81.7,81.0,82.9,82.4,84.1,83.4,85.6,85.0,86.9,86.2,88.1,88.0,89.5,88.8,90.7,90.1,91.6,91.0,93.2,92.9,94.3,93.7,95.4,94.9,97.1,96.7,98.5,97.8,99.1,98.4,100.6,99.7,102.9,102.5,104.2,102.7,105.2,103.5,105.7,103.3,105.7,103.6,105.2,102.0,103.9,101.2,102.3,100.4,102.1,100.6,101.2,99.1,100.6,99.4,100.8,98.9,100.8,99.1,100.3,98.6,101.2,99.8,100.8,98.8,101.4,99.7,101.2,99.1,101.8,100.5,101.8,99.7,101.4,99.1,100.2,98.1,100.2,98.9,100.8,99.5,102.8,103.0,106.1,105.7,,OECDstat,2015,All Items Excluding Food and Energy,,,,,,,,,,,,,,,,,,,,,,,,,,,,,,,,,,,,,,,,,,,,,,,,,,,,,,,,,,,,,,,,,,,,,,,,,,,,,,,,,,,,,,,,,,,,,,,,,,,,,,,,,,,,,,,,,,,,,,,,,,,,,,,,,,,,,,,,,,,,,,,,,,,,,,,,,,,,,,,,,,,,,,,,,,,,,,,,,,,,,,,,,,,,,,,,,,,,,,,,,,,,,,,,,,,,,,,,,,,,,,,,,,,,,,,,,,,,,,,,,,,,,,,,,,,,,,,,,,,,,,,,,,,,,,,,,,,,,,,,,,,,,,,,,,,,,,,,,,,,,,,,,,,,,,,,,,,,,,,,,,,,,,,,,,,,,,,,,,,,,,,,,,,,,,,,,
GTM,258,Guatemala,index,Official Core Consumer Price Index,,,,,,,,,,,,,,,,,,,,,,,,,,,,,,,,,,,,,,,,,,,,,,,,,,,,,,,,,,,,,,,,,,,,,,,,,,,,,,,,,,,,,,,,,,,,,,,,,,,,,,,,,,,,,,,,,,,,,,,,,,,,,60.9,61.8,63.1,64.3,65.5,66.4,67.2,67.9,68.6,69.6,70.4,71.1,72.3,73.3,74.4,75.7,76.9,78.1,79.4,80.9,81.7,82.5,83.3,84.0,85.2,86.1,87.2,88.9,91.0,93.3,95.3,96.2,96.0,96.2,96.6,97.1,97.9,98.6,99.0,99.9,101.6,103.0,104.3,105.2,106.1,107.0,108.0,109.2,110.3,111.3,112.1,113.0,113.8,114.7,115.7,116.6,117.4,118.3,119.4,120.2,121.2,122.2,123.0,123.8,124.9,125.8,126.6,127.4,128.2,129.1,130.1,131.1,132.1,133.0,134.0,135.1,135.6,136.3,137.0,138.1,139.3,140.3,141.4,142.5,144.1,146.0,148.1,149.7,,,National sources,End-2010,Dynamic Core Consumer Price Index,,,,,,,,,,,,,,,,,,,,,,,,,,,,,,,,,,,,,,,,,,,,,,,,,,,,,,,,,,,,,,,,,,,,,,,,,,,,,,,,,,,,,,,,,,,,,,,,,,,,,,,,,,,,,,,,,,,,,,,,,,,,,,,,,,,,,,,,,,,,,,,,,,,,,,,,,,,,,,,,,,,,,,,,,,,,,,,,,,,,,,,,,,,,,,,,,,,,,,,,,,,,,,,,,,,,,,,,,,,,,,,,,,,,,,,,,,,,,,,,,,,,,,,,,,,,,,,,,,,,,,,,,,,,,,,,,,,,,,,,,,,,,,,,,,,,,,,,,,,,,,,,,,,,,,,,,,,,,,,,,,,,,,,,,,,,,,,,,,,,,,,,,,,,,,,,,
HKG,532,"Hong Kong SAR, China",index,Official Core Consumer Price Index,,,,,,,,,,,,,,,,,,,,,,,,,,,,,,,,,,,,,,,,,,,,,,,,,,,,,,,,,,,,,,,,,,,,,,,,,,,,,,,,,,,,,,,,,,,,,,,,,,,,,,,,,,,,,,,,,,,,,,,,,,,,,,,,,,,,,,,,,,,,68.7,68.8,69.1,69.6,69.4,69.7,70.2,70.9,70.8,70.7,71.0,71.7,72.4,72.4,73.4,74.3,74.8,75.7,75.7,75.3,75.3,75.3,75.5,74.7,76.4,77.5,79.1,80.6,81.4,82.3,83.0,82.4,84.2,85.1,86.4,86.9,87.8,88.5,89.7,90.0,91.5,91.8,91.4,92.0,93.5,94.0,93.9,94.7,94.3,94.7,95.7,96.0,95.8,96.5,97.0,97.8,98.1,98.7,99.7,100.6,100.5,99.9,101.0,98.6,100.4,100.4,100.8,100.2,101.1,101.1,101.0,101.6,101.4,101.7,,National sources,Oct.19-Sep.20,All Items Excluding Food and Energy,,,,,,,,,,,,,,,,,,,,,,,,,,,,,,,,,,,,,,,,,,,,,,,,,,,,,,,,,,,,,,,,,,,,,,,,,,,,,,,,,,,,,,,,,,,,,,,,,,,,,,,,,,,,,,,,,,,,,,,,,,,,,,,,,,,,,,,,,,,,,,,,,,,,,,,,,,,,,,,,,,,,,,,,,,,,,,,,,,,,,,,,,,,,,,,,,,,,,,,,,,,,,,,,,,,,,,,,,,,,,,,,,,,,,,,,,,,,,,,,,,,,,,,,,,,,,,,,,,,,,,,,,,,,,,,,,,,,,,,,,,,,,,,,,,,,,,,,,,,,,,,,,,,,,,,,,,,,,,,,,,,,,,,,,,,,,,,,,,,,,,,,,,,,,,,,,
HND,268,Honduras,index,Official Core Consumer Price Index,,,,,,,,,,,,,,,,,,,,,,,,,,,,,,,,,,,,,,,,,,,,,,,,,,,,,,,,,,,,,,,,,,,,,,,,,,,,,,,,,,,,,,,,,,,,,,,,,,,,,,,,,,,,,,,,,,,,,,,,,,104.8,107.0,109.5,111.8,114.5,117.2,119.8,122.2,124.3,126.6,129.3,132.0,134.0,136.4,138.6,141.1,144.1,147.3,149.8,152.8,156.2,158.4,160.8,163.2,165.2,167.4,170.0,173.0,175.6,178.4,182.7,186.6,191.9,198.3,203.2,205.6,208.1,210.1,212.3,214.7,216.1,217.9,220.4,223.9,227.9,231.3,234.6,237.6,241.9,245.3,249.2,252.6,255.5,259.0,262.4,267.7,271.1,274.2,277.5,280.9,284.3,287.7,290.1,292.3,294.4,297.1,299.9,303.1,306.3,309.3,311.9,314.8,317.5,321.2,324.5,328.0,331.1,334.0,336.5,339.7,342.5,346.8,353.5,355.7,358.6,363.1,368.6,376.9,387.8,395.6,401.6,409.1,,National sources,End-1999,All Items Excluding Food and Energy,,,,,,,,,,,,,,,,,,,,,,,,,,,,,,,,,,,,,,,,,,,,,,,,,,,,,,,,,,,,,,,,,,,,,,,,,,,,,,,,,,,,,,,,,,,,,,,,,,,,,,,,,,,,,,,,,,,,,,,,,,,,,,,,,,,,,,,,,,,,,,,,,,,,,,,,,,,,,,,,,,,,,,,,,,,,,,,,,,,,,,,,,,,,,,,,,,,,,,,,,,,,,,,,,,,,,,,,,,,,,,,,,,,,,,,,,,,,,,,,,,,,,,,,,,,,,,,,,,,,,,,,,,,,,,,,,,,,,,,,,,,,,,,,,,,,,,,,,,,,,,,,,,,,,,,,,,,,,,,,,,,,,,,,,,,,,,,,,,,,,,,,,,,,,,,,,
HRV,960,Croatia,index,Official Core Consumer Price Index,,,,,,,,,,,,,,,,,,,,,,,,,,,,,,,,,,,,,,,,,,,,,,,,,,,,,,,,,,,,,,,,,,,,,,,,,,,,,,,,,,,,,,,,,,,,,,,,,,,,,,,,,,,,,,,,,65.1,66.0,66.7,67.4,68.3,69.3,70.3,70.4,70.4,71.0,72.1,72.6,72.9,73.5,74.3,74.5,75.0,75.8,76.3,76.6,76.7,77.0,77.8,77.8,78.1,78.9,79.6,79.7,79.7,80.8,81.3,81.7,82.2,83.3,83.9,84.3,84.5,85.9,86.4,87.8,88.9,90.6,91.4,91.7,92.1,93.9,93.9,93.5,92.8,93.8,94.0,94.0,94.0,95.2,95.4,95.7,95.1,96.7,96.9,97.5,97.4,98.8,99.5,98.7,97.9,99.5,100.1,99.3,98.6,100.2,101.1,100.1,99.3,100.3,100.7,100.6,100.2,101.8,102.5,102.1,101.3,102.8,103.6,103.2,102.5,103.9,104.7,104.3,103.5,104.9,105.2,105.3,104.7,106.0,107.3,108.5,109.9,115.0,119.3,121.3,121.9,,Eurostat,2015,All Items Excluding unprocessed food and energy,,,,,,,,,,,,,,,,,,,,,,,,,,,,,,,,,,,,,,,,,,,,,,,,,,,,,,,,,,,,,,,,,,,,,,,,,,,,,,,,,,,,,,,,,,,,,,,,,,,,,,,,,,,,,,,,,,,,,,,,,,,,,,,,,,,,,,,,,,,,,,,,,,,,,,,,,,,,,,,,,,,,,,,,,,,,,,,,,,,,,,,,,,,,,,,,,,,,,,,,,,,,,,,,,,,,,,,,,,,,,,,,,,,,,,,,,,,,,,,,,,,,,,,,,,,,,,,,,,,,,,,,,,,,,,,,,,,,,,,,,,,,,,,,,,,,,,,,,,,,,,,,,,,,,,,,,,,,,,,,,,,,,,,,,,,,,,,,,,,,,,,,,,,,,,,,,
HUN,944,Hungary,index,Official Core Consumer Price Index,,,,,,,,,,,,,,,,,,,,,,,,,,,,,,,,,,,,,,,,,,,,,,,,,,,,,,,,,,,,,,,,,,,,,,,,,,,,,,,,,7.9,8.4,8.7,9.1,10.5,11.5,12.0,12.3,13.6,14.2,14.6,15.3,16.6,17.1,17.7,18.5,19.6,20.2,20.9,21.9,23.6,25.7,27.0,28.4,30.6,32.4,33.3,34.3,36.7,38.4,39.2,40.3,42.6,44.1,44.7,45.6,47.7,49.4,50.4,51.0,52.3,53.5,54.2,55.2,57.0,58.3,58.9,59.6,60.9,62.0,62.2,62.9,64.0,65.2,65.7,66.4,68.5,69.5,69.8,70.2,71.2,72.0,72.0,72.3,72.3,73.0,73.6,75.1,76.5,77.5,78.0,78.6,79.7,80.5,80.8,81.1,81.8,83.3,85.6,86.0,86.8,87.6,87.7,87.8,88.0,88.8,89.1,89.7,91.8,93.0,93.7,94.1,95.3,96.3,96.6,97.4,97.8,98.1,98.5,98.6,99.1,99.9,100.4,100.6,100.8,101.4,101.7,102.0,102.3,103.2,103.8,104.0,104.1,105.1,105.9,106.6,107.5,108.8,109.5,110.2,111.3,112.1,113.4,113.6,115.0,117.1,118.6,120.2,122.8,126.8,132.5,137.0,142.8,,OECDstat,2015,All Items Excluding Food and Energy,,,,,,,,,,,,,,,,,,,,,,,,,,,,,,,,,,,,,,,,,,,,,,,,,,,,,,,,,,,,,,,,,,,,,,,,,,,,,,,,,,,,,,,,,,,,,,,,,,,,,,,,,,,,,,,,,,,,,,,,,,,,,,,,,,,,,,,,,,,,,,,,,,,,,,,,,,,,,,,,,,,,,,,,,,,,,,,,,,,,,,,,,,,,,,,,,,,,,,,,,,,,,,,,,,,,,,,,,,,,,,,,,,,,,,,,,,,,,,,,,,,,,,,,,,,,,,,,,,,,,,,,,,,,,,,,,,,,,,,,,,,,,,,,,,,,,,,,,,,,,,,,,,,,,,,,,,,,,,,,,,,,,,,,,,,,,,,,,,,,,,,,,,,,,,,,,
IDN,536,Indonesia,index,Official Core Consumer Price Index,,,,,,,,,,,,,,,,,,,,,,,,,,,,,,,,,,,,,,,,,,,,,,,,,,,,,,,,,,,,,,,,,,,,,,,,,,,,,,,,,,,,,,,,,,,,,,,,,,,,,,,,,,,,,,,,,,,,,,,,,,,,,,,,,,,,,,,,,,,,,,,,,,,,,,,,,64.6,65.9,67.4,68.4,69.4,70.1,70.7,71.4,72.1,72.8,73.6,74.4,75.3,76.2,77.2,77.7,78.5,79.4,80.4,81.2,81.9,82.6,83.7,84.7,85.6,86.5,87.3,88.4,89.9,90.9,91.7,92.5,93.1,94.0,94.7,95.3,96.3,97.0,97.6,98.2,98.9,99.6,100.4,101.2,101.8,102.6,103.5,104.2,104.7,105.2,105.5,105.9,106.2,106.6,106.9,107.5,108.4,109.4,110.2,111.0,111.7,,National sources,2018,All Items Excluding Food and Energy,,,,,,,,,,,,,,,,,,,,,,,,,,,,,,,,,,,,,,,,,,,,,,,,,,,,,,,,,,,,,,,,,,,,,,,,,,,,,,,,,,,,,,,,,,,,,,,,,,,,,,,,,,,,,,,,,,,,,,,,,,,,,,,,,,,,,,,,,,,,,,,,,,,,,,,,,,,,,,,,,,,,,,,,,,,,,,,,,,,,,,,,,,,,,,,,,,,,,,,,,,,,,,,,,,,,,,,,,,,,,,,,,,,,,,,,,,,,,,,,,,,,,,,,,,,,,,,,,,,,,,,,,,,,,,,,,,,,,,,,,,,,,,,,,,,,,,,,,,,,,,,,,,,,,,,,,,,,,,,,,,,,,,,,,,,,,,,,,,,,,,,,,,,,,,,,,
IND,534,India,index,Official Core Consumer Price Index,,,,,,,,,,,,,,,,,,,,,,,,,,,,,,,,,,,,,,,,,,,,,,,,,,,,,,,,,,,,,,,,,,,,,,,,,,,,,,,,,,,,,,,,,,,,,,,,,,,,,,,,,,,,,,,,,,,,,,,,,,,,,,,,,,,,,,,,,,,,,,,,,,,,,,,,,,,,,,,,,,,,,87.9,90.4,92.5,94.8,96.8,99.1,100.9,103.2,105.1,106.3,108.6,110.5,112.2,113.6,114.9,115.6,116.9,118.8,120.0,121.1,122.5,124.3,125.6,127.1,128.7,129.4,131.1,133.3,135.3,137.5,139.0,141.1,142.4,143.3,144.9,146.2,148.3,150.5,152.9,154.6,156.9,159.5,161.8,164.1,166.5,169.4,171.4,174.0,176.5,,National sources,2012,All Items Excluding Excluding Food Products,,,,,,,,,,,,,,,,,,,,,,,,,,,,,,,,,,,,,,,,,,,,,,,,,,,,,,,,,,,,,,,,,,,,,,,,,,,,,,,,,,,,,,,,,,,,,,,,,,,,,,,,,,,,,,,,,,,,,,,,,,,,,,,,,,,,,,,,,,,,,,,,,,,,,,,,,,,,,,,,,,,,,,,,,,,,,,,,,,,,,,,,,,,,,,,,,,,,,,,,,,,,,,,,,,,,,,,,,,,,,,,,,,,,,,,,,,,,,,,,,,,,,,,,,,,,,,,,,,,,,,,,,,,,,,,,,,,,,,,,,,,,,,,,,,,,,,,,,,,,,,,,,,,,,,,,,,,,,,,,,,,,,,,,,,,,,,,,,,,,,,,,,,,,,,,,,
IRL,178,Ireland,index,Official Core Consumer Price Index,,,,,,,,,,,,,,,,,,,,,,,,,14.8,15.7,16.0,16.6,17.2,17.8,17.9,18.3,18.6,18.9,19.3,19.7,20.3,21.1,22.0,22.9,23.8,25.7,26.3,27.3,29.1,30.2,31.8,33.9,34.7,37.1,37.9,38.5,39.6,40.9,41.7,42.7,43.7,44.5,45.2,45.6,46.4,47.1,47.8,47.9,48.8,49.6,49.7,49.9,50.9,51.2,51.5,51.6,52.0,52.3,52.6,52.9,53.6,54.2,54.8,55.4,55.9,56.3,56.9,57.2,57.9,58.4,59.2,59.7,60.3,60.8,61.3,61.7,62.2,61.8,62.3,62.6,63.0,63.3,63.9,64.1,64.5,65.2,65.6,65.7,66.0,66.0,66.4,66.9,66.8,67.2,67.2,67.9,67.9,68.7,69.1,69.3,68.7,69.5,69.8,70.6,71.7,73.3,74.2,75.3,75.6,77.2,77.7,78.6,80.7,82.3,82.6,83.9,84.8,85.7,85.6,86.0,86.4,87.3,87.7,88.1,88.1,89.2,89.6,90.1,90.6,92.3,93.6,94.9,95.9,97.4,98.4,99.0,99.6,101.0,101.5,101.3,98.2,96.6,95.7,95.5,94.5,95.0,95.6,95.6,95.8,97.1,97.2,97.5,97.3,98.0,98.1,97.6,97.8,98.5,98.4,98.2,98.4,99.3,99.3,99.0,99.3,100.0,100.5,100.2,100.1,101.3,101.6,100.5,100.4,101.7,101.9,100.9,100.8,101.5,102.0,101.3,101.6,102.7,103.1,102.8,102.8,103.3,102.9,102.2,103.1,104.3,105.1,106.1,106.8,109.3,110.7,111.4,112.7,,OECDstat,2015,All Items Excluding Food and Energy,,,,,,,,,,,,,,,,,,,,,,,,,,,,,,,,,,,,,,,,,,,,,,,,,,,,,,,,,,,,,,,,,,,,,,,,,,,,,,,,,,,,,,,,,,,,,,,,,,,,,,,,,,,,,,,,,,,,,,,,,,,,,,,,,,,,,,,,,,,,,,,,,,,,,,,,,,,,,,,,,,,,,,,,,,,,,,,,,,,,,,,,,,,,,,,,,,,,,,,,,,,,,,,,,,,,,,,,,,,,,,,,,,,,,,,,,,,,,,,,,,,,,,,,,,,,,,,,,,,,,,,,,,,,,,,,,,,,,,,,,,,,,,,,,,,,,,,,,,,,,,,,,,,,,,,,,,,,,,,,,,,,,,,,,,,,,,,,,,,,,,,,,,,,,,,,,
IRN,429,"Iran, Islamic Rep.",index,Official Core Consumer Price Index,,,,,,,,,,,,,,,,,,,,,,,,,,,,,,,,,,,,,,,,,,,,,,,,,,,,,,,,,,,,,,,,,,,,,,,,,,,,,,,,,,,,,,,,,,,,,,,,,,,,,,,,,,,,,,,,,,,,,,,,,,,,,,,,,,,,,,,,,,,,,,,,,,,,,,,,,,,,,,,,,,,,,,42.0,44.0,45.8,47.8,50.0,53.0,58.4,63.6,68.1,72.2,75.0,77.3,80.7,84.0,86.3,88.9,91.4,93.3,94.7,96.5,98.7,99.4,99.9,101.9,104.1,105.2,106.9,109.9,113.9,125.1,140.5,149.4,160.7,168.4,177.0,190.1,203.2,225.9,252.6,268.8,288.7,308.5,331.3,355.8,388.2,422.4,460.1,,,National sources,Apr.16-Mar.17,All Items Excluding Food and Energy,,,,,,,,,,,,,,,,,,,,,,,,,,,,,,,,,,,,,,,,,,,,,,,,,,,,,,,,,,,,,,,,,,,,,,,,,,,,,,,,,,,,,,,,,,,,,,,,,,,,,,,,,,,,,,,,,,,,,,,,,,,,,,,,,,,,,,,,,,,,,,,,,,,,,,,,,,,,,,,,,,,,,,,,,,,,,,,,,,,,,,,,,,,,,,,,,,,,,,,,,,,,,,,,,,,,,,,,,,,,,,,,,,,,,,,,,,,,,,,,,,,,,,,,,,,,,,,,,,,,,,,,,,,,,,,,,,,,,,,,,,,,,,,,,,,,,,,,,,,,,,,,,,,,,,,,,,,,,,,,,,,,,,,,,,,,,,,,,,,,,,,,,,,,,,,,,
IRQ,433,Iraq,index,Official Core Consumer Price Index,,,,,,,,,,,,,,,,,,,,,,,,,,,,,,,,,,,,,,,,,,,,,,,,,,,,,,,,,,,,,,,,,,,,,,,,,,,,,,,,,,,,,,,,,,,,,,,,,,,,,,,,,,,,,,,,,,,,,,,,,,,,,,,,,,,,,,,,,,,,,,,,,,,,,,,,,,,,,,,,,,,,,,,,,,,,,,,,,,,,,103.7,102.0,103.1,103.2,104.7,103.9,104.6,104.3,104.8,104.4,105.9,105.3,104.8,105.2,106.0,105.1,105.1,104.8,105.5,105.4,106.3,105.5,105.9,107.3,111.4,112.3,113.8,114.8,116.6,118.0,120.0,119.3,,,National sources,2012,All Items Excluding Food and Energy,,,,,,,,,,,,,,,,,,,,,,,,,,,,,,,,,,,,,,,,,,,,,,,,,,,,,,,,,,,,,,,,,,,,,,,,,,,,,,,,,,,,,,,,,,,,,,,,,,,,,,,,,,,,,,,,,,,,,,,,,,,,,,,,,,,,,,,,,,,,,,,,,,,,,,,,,,,,,,,,,,,,,,,,,,,,,,,,,,,,,,,,,,,,,,,,,,,,,,,,,,,,,,,,,,,,,,,,,,,,,,,,,,,,,,,,,,,,,,,,,,,,,,,,,,,,,,,,,,,,,,,,,,,,,,,,,,,,,,,,,,,,,,,,,,,,,,,,,,,,,,,,,,,,,,,,,,,,,,,,,,,,,,,,,,,,,,,,,,,,,,,,,,,,,,,,,
ISL,176,Iceland,index,Official Core Consumer Price Index,,,,,,,,,,,,,,,,,,,,,,,,,,,,,,,,,,,,,,,,,,,,,,,,,,,,,,,,,,,,,,,,,,,,,,,,,,,,,,,,,,,,,,,,,,,,,38.1,38.5,39.3,39.5,39.6,39.8,39.9,40.0,40.3,40.2,40.4,40.8,40.9,41.1,41.3,41.4,41.4,41.5,41.8,41.9,42.1,42.5,42.4,42.8,43.0,43.6,44.0,44.7,45.1,45.8,46.0,46.7,47.1,48.3,49.6,50.6,51.4,51.9,52.0,52.5,52.8,53.4,53.5,54.2,54.2,55.2,55.3,56.1,56.8,57.9,58.1,59.2,59.5,61.4,62.3,63.4,63.9,65.3,66.1,67.4,68.6,72.3,74.1,77.8,79.7,80.7,81.8,84.0,84.5,85.7,85.4,85.8,85.2,87.4,88.3,89.4,90.2,92.1,91.6,92.5,93.9,95.4,95.5,96.5,96.9,98.1,98.3,98.5,98.6,99.9,100.6,100.8,101.1,102.0,102.3,103.2,103.1,104.7,105.1,105.6,106.1,106.9,107.4,108.7,109.1,110.3,110.7,111.6,111.5,113.3,114.3,115.4,116.0,118.1,119.3,121.0,123.0,126.7,130.1,131.5,134.5,,OECDstat,2015,All Items Excluding Food and Energy,,,,,,,,,,,,,,,,,,,,,,,,,,,,,,,,,,,,,,,,,,,,,,,,,,,,,,,,,,,,,,,,,,,,,,,,,,,,,,,,,,,,,,,,,,,,,,,,,,,,,,,,,,,,,,,,,,,,,,,,,,,,,,,,,,,,,,,,,,,,,,,,,,,,,,,,,,,,,,,,,,,,,,,,,,,,,,,,,,,,,,,,,,,,,,,,,,,,,,,,,,,,,,,,,,,,,,,,,,,,,,,,,,,,,,,,,,,,,,,,,,,,,,,,,,,,,,,,,,,,,,,,,,,,,,,,,,,,,,,,,,,,,,,,,,,,,,,,,,,,,,,,,,,,,,,,,,,,,,,,,,,,,,,,,,,,,,,,,,,,,,,,,,,,,,,,,
ISR,436,Israel,index,Official Core Consumer Price Index,0.0,0.0,0.0,0.0,0.0,0.0,0.0,0.0,0.0,0.0,0.0,0.0,0.0,0.0,0.0,0.0,0.0,0.0,0.0,0.0,0.0,0.0,0.0,0.0,0.0,0.0,0.0,0.0,0.0,0.0,0.0,0.0,0.0,0.0,0.0,0.0,0.0,0.0,0.0,0.0,0.0,0.0,0.0,0.1,0.1,0.1,0.1,0.1,0.2,0.2,0.2,0.3,0.4,0.5,0.6,0.8,1.2,1.8,2.8,4.6,6.0,8.8,12.7,13.9,14.0,15.1,15.7,16.7,17.6,18.6,19.3,20.2,20.9,21.8,22.3,23.4,24.6,25.7,26.9,28.2,29.1,30.7,32.3,33.7,34.6,36.7,39.6,40.5,40.5,41.8,42.9,43.7,45.5,47.1,47.8,49.5,50.6,52.9,54.7,56.2,57.3,58.6,59.8,61.6,63.2,65.7,66.8,68.1,69.5,71.3,72.9,73.6,73.5,74.8,75.5,79.2,78.5,78.6,79.6,80.2,79.1,79.8,79.8,79.5,79.2,80.2,81.2,81.0,82.6,85.5,86.6,86.4,86.2,85.5,84.5,83.9,83.4,84.7,84.8,84.1,83.1,83.9,85.0,85.2,85.3,85.9,85.7,84.7,84.2,84.6,86.4,85.8,85.3,86.6,88.2,89.3,89.5,90.8,92.5,92.8,92.2,93.3,94.5,94.8,95.2,96.4,97.2,97.2,97.0,97.9,98.4,98.0,97.6,98.5,99.3,99.5,98.8,99.5,99.8,100.2,99.5,100.1,100.5,99.9,99.4,100.0,100.5,100.2,99.5,100.1,100.1,100.3,100.0,100.8,100.8,101.0,100.8,101.7,101.5,101.5,101.2,101.3,101.2,101.2,101.4,102.3,103.0,103.3,104.1,105.7,107.6,108.7,109.4,,OECDstat,2015,All Items Excluding Food and Energy,,,,,,,,,,,,,,,,,,,,,,,,,,,,,,,,,,,,,,,,,,,,,,,,,,,,,,,,,,,,,,,,,,,,,,,,,,,,,,,,,,,,,,,,,,,,,,,,,,,,,,,,,,,,,,,,,,,,,,,,,,,,,,,,,,,,,,,,,,,,,,,,,,,,,,,,,,,,,,,,,,,,,,,,,,,,,,,,,,,,,,,,,,,,,,,,,,,,,,,,,,,,,,,,,,,,,,,,,,,,,,,,,,,,,,,,,,,,,,,,,,,,,,,,,,,,,,,,,,,,,,,,,,,,,,,,,,,,,,,,,,,,,,,,,,,,,,,,,,,,,,,,,,,,,,,,,,,,,,,,,,,,,,,,,,,,,,,,,,,,,,,,,,,,,,,,,
ITA,136,Italy,index,Official Core Consumer Price Index,5.4,5.5,5.6,5.7,5.8,5.8,5.9,6.0,6.0,6.1,6.2,6.4,6.6,6.8,6.9,7.1,7.4,7.7,8.1,8.6,9.0,9.2,9.4,9.7,10.2,10.7,11.0,11.5,12.0,12.5,12.8,13.3,13.6,14.1,14.4,14.9,15.5,16.0,16.6,17.6,18.8,19.6,20.5,21.5,22.5,23.4,24.0,25.2,26.3,27.2,28.2,29.6,30.4,31.4,32.2,33.4,34.3,35.1,35.7,36.7,37.7,38.6,39.1,40.0,40.8,41.4,41.7,42.3,43.0,43.5,44.0,44.7,45.4,45.9,46.4,47.2,48.2,49.0,49.4,50.1,51.2,51.9,52.5,53.4,54.0,55.0,55.7,56.4,57.3,58.1,58.7,59.5,60.4,61.2,61.9,62.5,63.2,63.8,64.3,65.0,65.9,67.0,67.8,68.6,69.3,70.0,70.4,70.8,71.3,71.8,72.1,72.6,73.1,73.6,73.9,74.2,74.5,74.9,75.3,75.7,76.1,76.4,76.8,77.2,77.9,78.5,78.9,79.2,79.9,80.5,81.0,81.5,82.0,82.6,83.1,83.4,83.8,84.5,84.9,85.1,85.6,86.0,86.5,86.7,87.1,87.6,87.9,88.0,88.4,88.9,89.3,89.6,90.2,90.8,91.5,91.6,91.8,92.3,92.7,92.9,93.2,93.7,94.2,94.4,94.8,95.5,96.2,96.6,96.8,97.6,98.1,97.9,98.1,98.6,99.2,98.9,99.0,99.4,99.7,99.4,99.4,100.0,100.5,100.1,100.0,100.4,101.0,100.5,100.7,101.4,101.9,100.9,101.2,102.0,102.5,101.6,101.7,102.5,103.1,102.3,102.4,103.2,103.3,102.7,103.4,103.6,104.1,103.9,104.9,106.2,107.7,108.3,109.8,,OECDstat,2015,All Items Excluding Food and Energy,,,,,,,,,,,,,,,,,,,,,,,,,,,,,,,,,,,,,,,,,,,,,,,,,,,,,,,,,,,,,,,,,,,,,,,,,,,,,,,,,,,,,,,,,,,,,,,,,,,,,,,,,,,,,,,,,,,,,,,,,,,,,,,,,,,,,,,,,,,,,,,,,,,,,,,,,,,,,,,,,,,,,,,,,,,,,,,,,,,,,,,,,,,,,,,,,,,,,,,,,,,,,,,,,,,,,,,,,,,,,,,,,,,,,,,,,,,,,,,,,,,,,,,,,,,,,,,,,,,,,,,,,,,,,,,,,,,,,,,,,,,,,,,,,,,,,,,,,,,,,,,,,,,,,,,,,,,,,,,,,,,,,,,,,,,,,,,,,,,,,,,,,,,,,,,,,
JOR,439,Jordan,index,Official Core Consumer Price Index,,,,,,,,,,,,,,,,,,,,,,,,,,,,,,,,,,,,,,,,,,,,,,,,,,,,,,,,,,,,,,,,,,,,,,,,,,,,,,,,,,,,,,,,,,,,,,,,,,,,,,,,,,,,,,,,,,,,,,,,,,,,,,,,,,,,,,,,,,,,,,,,,64.5,65.6,65.8,66.6,67.2,67.2,67.5,69.0,71.9,74.2,75.8,74.6,72.6,72.8,73.9,74.8,76.2,76.6,77.1,78.5,79.7,80.2,80.9,81.6,82.5,83.7,84.7,85.9,87.0,87.0,87.9,89.0,90.5,91.4,91.9,91.7,90.0,91.1,91.2,90.7,90.1,90.7,91.5,92.9,94.8,95.2,95.6,96.8,99.0,99.9,100.5,100.7,100.1,101.0,101.3,101.7,101.7,100.5,101.2,101.6,102.6,102.9,102.9,103.7,104.4,105.7,107.5,107.8,108.1,,National sources,2018,All Items Excluding Food and Energy,,,,,,,,,,,,,,,,,,,,,,,,,,,,,,,,,,,,,,,,,,,,,,,,,,,,,,,,,,,,,,,,,,,,,,,,,,,,,,,,,,,,,,,,,,,,,,,,,,,,,,,,,,,,,,,,,,,,,,,,,,,,,,,,,,,,,,,,,,,,,,,,,,,,,,,,,,,,,,,,,,,,,,,,,,,,,,,,,,,,,,,,,,,,,,,,,,,,,,,,,,,,,,,,,,,,,,,,,,,,,,,,,,,,,,,,,,,,,,,,,,,,,,,,,,,,,,,,,,,,,,,,,,,,,,,,,,,,,,,,,,,,,,,,,,,,,,,,,,,,,,,,,,,,,,,,,,,,,,,,,,,,,,,,,,,,,,,,,,,,,,,,,,,,,,,,,
JPN,158,Japan,index,Official Core Consumer Price Index,31.0,31.6,31.8,32.6,33.1,33.9,34.2,34.7,35.0,35.8,36.1,36.6,37.5,39.4,40.7,42.3,45.4,47.5,49.0,50.9,51.8,53.5,54.1,55.3,56.7,58.7,59.4,60.9,61.9,63.8,64.3,65.1,65.4,67.1,67.6,68.3,68.3,69.6,69.9,70.8,71.6,73.6,74.5,75.6,75.8,77.3,77.7,78.7,78.4,79.6,79.9,80.8,80.3,81.6,81.5,82.7,82.5,83.7,83.7,84.9,84.8,85.8,86.0,86.6,86.4,87.3,87.3,87.7,87.5,88.4,88.4,88.8,88.4,89.2,89.2,89.8,89.6,91.7,91.8,92.5,92.4,93.8,93.9,94.8,95.0,96.3,96.5,97.4,97.3,99.0,98.8,99.5,99.0,100.3,100.3,100.7,100.0,101.3,101.0,101.5,101.0,101.6,101.5,101.9,101.3,102.2,101.9,102.3,101.8,103.9,103.9,104.8,103.9,104.6,104.2,104.6,103.8,104.5,104.1,104.4,103.5,103.9,103.6,103.3,102.5,103.0,102.8,102.7,101.8,102.3,102.1,102.0,101.2,101.8,101.9,101.8,100.9,101.3,101.4,101.3,100.6,101.0,100.9,100.8,100.1,100.6,100.6,100.6,99.9,100.4,100.3,100.5,100.0,100.5,100.7,100.8,99.8,100.0,99.7,99.6,99.0,98.7,98.2,98.4,97.8,97.9,97.7,97.4,97.2,97.5,97.2,96.9,96.5,97.2,97.2,97.5,97.3,99.5,99.6,99.7,99.4,100.1,100.2,100.4,100.1,100.6,100.4,100.5,100.0,100.4,100.4,100.6,100.3,100.6,100.6,100.8,100.6,101.0,101.0,101.5,101.3,101.2,101.0,101.0,101.3,100.1,100.2,99.8,99.7,100.4,101.1,101.6,102.1,,"OECDstat, national sourcess",2015,All Items Excluding Food and Energy,,,,,,,,,,,,,,,,,,,,,,,,,,,,,,,,,,,,,,,,,,,,,,,,,,,,,,,,,,,,,,,,,,,,,,,,,,,,,,,,,,,,,,,,,,,,,,,,,,,,,,,,,,,,,,,,,,,,,,,,,,,,,,,,,,,,,,,,,,,,,,,,,,,,,,,,,,,,,,,,,,,,,,,,,,,,,,,,,,,,,,,,,,,,,,,,,,,,,,,,,,,,,,,,,,,,,,,,,,,,,,,,,,,,,,,,,,,,,,,,,,,,,,,,,,,,,,,,,,,,,,,,,,,,,,,,,,,,,,,,,,,,,,,,,,,,,,,,,,,,,,,,,,,,,,,,,,,,,,,,,,,,,,,,,,,,,,,,,,,,,,,,,,,,,,,,,
KOR,542,"Korea, Rep.",index,Official Core Consumer Price Index,,,,,,,,,,,,,,,,,,,,,,,,,,,,,,,,,,,,,,,,,,,,,,,,,,,,,,,,,,,,,,,,,,,,,,,,,,,,,,,,,42.9,44.0,44.6,45.0,46.7,47.8,48.6,49.2,50.2,51.2,51.4,51.8,52.8,53.9,54.2,54.5,55.7,56.7,57.4,57.6,58.6,59.7,60.4,60.9,61.9,62.8,63.3,63.6,64.2,64.9,65.4,65.9,67.9,68.5,68.2,68.1,68.1,68.1,67.9,68.1,68.7,69.0,69.5,69.9,71.0,71.7,71.9,72.2,72.9,73.9,74.1,74.7,75.6,76.4,76.5,76.8,77.5,78.1,78.5,78.5,79.6,80.0,80.1,80.2,80.9,81.5,81.8,82.0,82.8,83.6,83.9,84.1,85.2,86.4,87.1,87.7,88.4,89.0,89.4,89.8,90.3,90.6,91.1,91.3,92.2,93.0,93.5,93.7,94.3,94.4,94.7,95.0,95.6,95.8,96.1,96.5,97.1,97.6,97.9,97.9,99.4,99.8,100.3,100.5,101.3,101.8,102.2,102.2,103.0,103.4,103.7,103.6,104.2,104.8,104.8,104.8,105.3,105.5,105.6,105.4,105.7,105.7,106.0,105.8,106.5,106.9,107.5,108.0,109.5,110.6,111.8,112.6,113.9,,"OECDstat, national sourcess",2015,All Items Excluding Food and Energy,,,,,,,,,,,,,,,,,,,,,,,,,,,,,,,,,,,,,,,,,,,,,,,,,,,,,,,,,,,,,,,,,,,,,,,,,,,,,,,,,,,,,,,,,,,,,,,,,,,,,,,,,,,,,,,,,,,,,,,,,,,,,,,,,,,,,,,,,,,,,,,,,,,,,,,,,,,,,,,,,,,,,,,,,,,,,,,,,,,,,,,,,,,,,,,,,,,,,,,,,,,,,,,,,,,,,,,,,,,,,,,,,,,,,,,,,,,,,,,,,,,,,,,,,,,,,,,,,,,,,,,,,,,,,,,,,,,,,,,,,,,,,,,,,,,,,,,,,,,,,,,,,,,,,,,,,,,,,,,,,,,,,,,,,,,,,,,,,,,,,,,,,,,,,,,,,
KWT,443,Kuwait,index,Official Core Consumer Price Index,,,,,,,,,,,,,,,,,,,,,,,,,,,,,,,,,,,,,,,,,,,,,,,,,,,,,,,,,,,,,,,,,,,,,,,,,,,,,,,,,,,,,,,,,,,,,,,,,,,,,,,,,,,,,,,,,,,,,,,,,,,,,,,,,,,,,,,,,,,,,,,,,,,,,,,,,,,,,,,,,,,,,,,,,,,,,,,,,,,,,,,,,,,112.1,112.4,112.6,113.1,113.5,114.0,113.8,113.8,114.1,114.4,114.6,114.8,115.7,116.1,116.3,116.8,117.3,117.8,118.3,118.8,119.9,121.8,122.8,123.3,123.8,124.7,125.9,,National sources,2013,All Items Excluding  Food and Beverages,,,,,,,,,,,,,,,,,,,,,,,,,,,,,,,,,,,,,,,,,,,,,,,,,,,,,,,,,,,,,,,,,,,,,,,,,,,,,,,,,,,,,,,,,,,,,,,,,,,,,,,,,,,,,,,,,,,,,,,,,,,,,,,,,,,,,,,,,,,,,,,,,,,,,,,,,,,,,,,,,,,,,,,,,,,,,,,,,,,,,,,,,,,,,,,,,,,,,,,,,,,,,,,,,,,,,,,,,,,,,,,,,,,,,,,,,,,,,,,,,,,,,,,,,,,,,,,,,,,,,,,,,,,,,,,,,,,,,,,,,,,,,,,,,,,,,,,,,,,,,,,,,,,,,,,,,,,,,,,,,,,,,,,,,,,,,,,,,,,,,,,,,,,,,,,,,
LAO,544,"Lao, PDR",index,Official Core Consumer Price Index,,,,,,,,,,,,,,,,,,,,,,,,,,,,,,,,,,,,,,,,,,,,,,,,,,,,,,,,,,,,,,,,,,,,,,,,,,,,,,,,,,,,,,,,,,,,,,,,,,,,,,,,,,,,,,,,,,,,,,,,,,,,,,,,,,,,,,,,,,,,,,,,,,,,,,,,,,,,,,,,,,,,,86.5,88.1,88.8,89.7,89.8,91.0,92.0,92.7,93.7,94.3,95.3,96.4,96.9,97.4,97.7,98.4,98.7,99.4,99.6,99.9,100.3,100.5,100.5,100.6,100.9,101.2,101.4,102.2,102.8,103.5,104.1,104.4,104.8,105.5,106.2,106.9,108.0,107.6,108.6,109.0,109.8,110.7,113.4,115.7,,,,,,,National sources,end-2015,All Items Excluding Food and Energy,,,,,,,,,,,,,,,,,,,,,,,,,,,,,,,,,,,,,,,,,,,,,,,,,,,,,,,,,,,,,,,,,,,,,,,,,,,,,,,,,,,,,,,,,,,,,,,,,,,,,,,,,,,,,,,,,,,,,,,,,,,,,,,,,,,,,,,,,,,,,,,,,,,,,,,,,,,,,,,,,,,,,,,,,,,,,,,,,,,,,,,,,,,,,,,,,,,,,,,,,,,,,,,,,,,,,,,,,,,,,,,,,,,,,,,,,,,,,,,,,,,,,,,,,,,,,,,,,,,,,,,,,,,,,,,,,,,,,,,,,,,,,,,,,,,,,,,,,,,,,,,,,,,,,,,,,,,,,,,,,,,,,,,,,,,,,,,,,,,,,,,,,,,,,,,,,
LKA,524,Sri Lanka,index,Official Core Consumer Price Index,,,,,,,,,,,,,,,,,,,,,,,,,,,,,,,,,,,,,,,,,,,,,,,,,,,,,,,,,,,,,,,,,,,,,,,,,,,,,,,,,,,,,,,,,,,,,,,,,,,,,,,,,,,,,,,,,,,,,,,,,,,,,,,,,,,,,,,,,,,,,,,,,,,,,,,,,,,,,,,,,,,,,,,,,,,,,,,,,82.1,82.5,83.4,83.8,85.7,85.7,87.1,88.4,89.3,91.6,92.5,94.1,95.6,96.1,96.6,97.1,97.5,97.9,99.1,100.3,103.0,103.9,104.6,105.6,107.0,107.8,109.1,110.5,111.9,112.1,113.9,120.4,128.7,154.0,179.5,188.6,191.7,,National sources,2013,All Items Excluding Food and Energy,,,,,,,,,,,,,,,,,,,,,,,,,,,,,,,,,,,,,,,,,,,,,,,,,,,,,,,,,,,,,,,,,,,,,,,,,,,,,,,,,,,,,,,,,,,,,,,,,,,,,,,,,,,,,,,,,,,,,,,,,,,,,,,,,,,,,,,,,,,,,,,,,,,,,,,,,,,,,,,,,,,,,,,,,,,,,,,,,,,,,,,,,,,,,,,,,,,,,,,,,,,,,,,,,,,,,,,,,,,,,,,,,,,,,,,,,,,,,,,,,,,,,,,,,,,,,,,,,,,,,,,,,,,,,,,,,,,,,,,,,,,,,,,,,,,,,,,,,,,,,,,,,,,,,,,,,,,,,,,,,,,,,,,,,,,,,,,,,,,,,,,,,,,,,,,,,
LTU,946,Lithuania,index,Official Core Consumer Price Index,,,,,,,,,,,,,,,,,,,,,,,,,,,,,,,,,,,,,,,,,,,,,,,,,,,,,,,,,,,,,,,,,,,,,,,,,,,,,,,,,,,,,,,,,,,,,,,,,,,,,48.3,51.7,54.7,57.9,60.8,63.1,65.3,66.4,68.1,70.3,71.9,72.9,74.2,76.4,77.9,78.7,79.2,79.8,79.7,78.4,78.7,78.7,78.3,78.1,78.1,78.0,78.6,79.3,78.8,78.8,78.8,79.3,79.0,79.3,78.6,78.5,78.1,79.0,79.1,79.7,79.0,79.5,79.7,80.6,80.1,80.7,81.2,82.2,82.0,82.8,84.0,85.5,87.1,89.4,90.3,91.7,93.6,93.7,93.6,94.5,93.8,93.7,93.4,93.6,93.0,94.1,93.8,94.3,94.2,95.7,96.1,96.8,96.3,97.3,97.2,97.8,96.9,98.0,98.3,99.1,98.4,99.8,100.0,101.8,101.4,102.6,102.4,103.4,103.7,106.8,107.0,107.6,107.2,108.8,108.7,109.9,109.6,111.4,111.8,113.0,113.1,114.9,115.6,115.9,115.6,118.4,119.6,122.0,125.0,129.7,132.8,137.1,140.3,,OECDstat,2015,All Items Excluding Food and Energy,,,,,,,,,,,,,,,,,,,,,,,,,,,,,,,,,,,,,,,,,,,,,,,,,,,,,,,,,,,,,,,,,,,,,,,,,,,,,,,,,,,,,,,,,,,,,,,,,,,,,,,,,,,,,,,,,,,,,,,,,,,,,,,,,,,,,,,,,,,,,,,,,,,,,,,,,,,,,,,,,,,,,,,,,,,,,,,,,,,,,,,,,,,,,,,,,,,,,,,,,,,,,,,,,,,,,,,,,,,,,,,,,,,,,,,,,,,,,,,,,,,,,,,,,,,,,,,,,,,,,,,,,,,,,,,,,,,,,,,,,,,,,,,,,,,,,,,,,,,,,,,,,,,,,,,,,,,,,,,,,,,,,,,,,,,,,,,,,,,,,,,,,,,,,,,,,
LUX,137,Luxembourg,index,Official Core Consumer Price Index,19.8,20.1,20.2,20.4,20.7,21.0,21.2,21.5,21.7,22.0,22.4,22.7,23.0,23.5,23.7,24.1,24.8,25.6,26.1,26.8,27.4,28.2,28.7,29.4,30.2,30.9,31.5,32.0,32.7,33.3,33.6,33.8,34.1,34.5,34.6,35.0,35.4,35.7,36.1,36.8,37.3,37.8,38.3,39.0,39.7,40.6,41.3,42.0,43.0,43.9,45.1,46.1,46.6,47.3,48.5,49.6,50.3,50.9,51.2,51.7,52.2,53.0,53.4,53.9,54.1,54.2,54.6,54.8,54.9,54.9,54.9,55.1,55.5,55.8,56.2,56.5,57.0,57.6,58.0,58.4,58.9,59.3,59.7,60.4,60.8,61.3,61.9,62.4,63.4,64.0,64.5,65.1,66.1,66.6,67.2,67.8,68.2,68.4,68.9,69.3,69.8,70.0,70.1,70.4,70.5,70.6,70.8,71.0,71.3,71.4,71.7,72.0,72.2,72.3,72.5,72.6,72.3,73.2,73.0,73.8,73.9,74.7,74.7,75.4,75.7,76.6,76.8,77.6,77.3,78.1,78.2,78.9,78.9,79.6,79.7,80.5,80.5,81.2,81.1,81.9,82.0,82.7,82.6,83.4,83.7,84.4,84.3,85.0,85.5,86.2,86.1,86.8,87.0,87.9,87.9,88.6,88.9,89.7,89.7,90.3,90.2,90.8,91.3,91.8,92.3,93.2,93.2,94.1,94.3,95.2,95.2,96.1,96.3,97.2,97.1,98.0,97.9,98.6,98.4,98.7,99.2,100.1,100.2,100.5,100.3,101.1,100.9,101.4,101.4,102.6,102.7,102.7,102.3,103.1,103.5,104.0,104.1,105.2,105.3,105.8,105.6,106.5,106.7,107.0,107.0,107.9,108.1,109.4,110.3,112.6,113.1,113.8,114.3,,OECDstat,2015,All Items Excluding Food and Energy,,,,,,,,,,,,,,,,,,,,,,,,,,,,,,,,,,,,,,,,,,,,,,,,,,,,,,,,,,,,,,,,,,,,,,,,,,,,,,,,,,,,,,,,,,,,,,,,,,,,,,,,,,,,,,,,,,,,,,,,,,,,,,,,,,,,,,,,,,,,,,,,,,,,,,,,,,,,,,,,,,,,,,,,,,,,,,,,,,,,,,,,,,,,,,,,,,,,,,,,,,,,,,,,,,,,,,,,,,,,,,,,,,,,,,,,,,,,,,,,,,,,,,,,,,,,,,,,,,,,,,,,,,,,,,,,,,,,,,,,,,,,,,,,,,,,,,,,,,,,,,,,,,,,,,,,,,,,,,,,,,,,,,,,,,,,,,,,,,,,,,,,,,,,,,,,,
LVA,941,Latvia,index,Official Core Consumer Price Index,,,,,,,,,,,,,,,,,,,,,,,,,,,,,,,,,,,,,,,,,,,,,,,,,,,,,,,,,,,,,,,,,,,,,,,,,,,,,,,,,,,,,,,,,,,,,,,,,,,,,36.4,39.2,41.6,43.7,46.5,47.7,49.5,51.1,52.5,53.6,56.2,57.4,58.2,59.2,60.0,60.5,61.6,62.1,62.9,63.3,64.2,64.4,64.1,64.4,64.5,65.0,65.4,65.8,65.6,66.0,66.2,66.9,67.1,67.9,68.1,69.3,69.8,71.2,71.6,72.7,72.9,74.1,74.8,76.0,76.3,77.1,78.0,79.8,81.3,83.1,85.5,88.3,92.2,94.5,95.3,96.8,99.6,100.1,99.0,98.1,96.6,96.3,95.8,95.9,95.7,96.5,96.5,96.9,96.5,97.4,96.7,96.6,96.2,97.1,96.9,97.3,97.5,98.7,98.6,99.2,98.8,100.4,100.1,100.6,100.3,101.9,101.9,102.4,102.0,103.9,103.4,103.9,103.8,106.1,105.8,106.5,106.9,108.9,108.8,109.1,108.9,109.9,110.1,110.0,109.8,111.7,112.3,113.3,114.8,119.0,121.2,124.2,126.7,,OECDstat,2015,All Items Excluding Food and Energy,,,,,,,,,,,,,,,,,,,,,,,,,,,,,,,,,,,,,,,,,,,,,,,,,,,,,,,,,,,,,,,,,,,,,,,,,,,,,,,,,,,,,,,,,,,,,,,,,,,,,,,,,,,,,,,,,,,,,,,,,,,,,,,,,,,,,,,,,,,,,,,,,,,,,,,,,,,,,,,,,,,,,,,,,,,,,,,,,,,,,,,,,,,,,,,,,,,,,,,,,,,,,,,,,,,,,,,,,,,,,,,,,,,,,,,,,,,,,,,,,,,,,,,,,,,,,,,,,,,,,,,,,,,,,,,,,,,,,,,,,,,,,,,,,,,,,,,,,,,,,,,,,,,,,,,,,,,,,,,,,,,,,,,,,,,,,,,,,,,,,,,,,,,,,,,,,
MEX,273,Mexico,index,Official Core Consumer Price Index,,,,,,,,,,,,,,,,,,,,,,,,,,,,,,,,,,,,,,,,,0.1,0.1,0.1,0.1,0.1,0.1,0.1,0.1,0.1,0.1,0.2,0.2,0.2,0.3,0.3,0.3,0.4,0.4,0.5,0.5,0.6,0.7,0.8,0.9,1.1,1.2,1.5,1.8,2.2,2.8,3.5,4.5,6.2,7.0,7.2,7.4,7.9,8.2,8.5,8.9,9.8,10.3,10.9,11.6,12.5,13.0,13.4,14.0,14.7,15.2,15.6,16.0,16.6,16.9,17.2,17.6,17.9,18.2,18.5,18.8,20.5,24.1,25.7,27.3,29.6,31.4,32.9,34.5,36.8,38.3,39.5,40.7,42.8,44.2,45.6,47.5,50.2,52.0,53.3,54.7,56.5,57.5,58.4,59.7,60.8,61.6,62.1,63.0,63.0,63.7,64.4,65.1,65.8,66.3,66.8,67.4,68.3,68.9,69.4,70.1,70.8,71.3,71.7,72.4,73.1,73.6,74.1,74.8,75.7,76.0,76.6,77.3,78.3,79.1,80.1,81.3,82.4,83.1,83.7,84.5,86.1,86.6,87.2,88.0,89.0,89.3,89.7,90.3,91.2,91.7,92.3,92.6,93.6,94.4,94.9,95.5,96.8,97.4,98.0,98.5,99.1,99.7,100.3,100.9,101.7,102.3,103.1,104.0,105.6,107.0,107.9,108.9,110.0,110.9,111.7,112.7,113.8,114.9,115.7,116.6,117.7,118.4,119.4,120.1,121.4,122.8,124.2,125.7,127.9,129.9,132.0,133.9,136.2,,OECDstat,2015,All Items Excluding Food and Energy,,,,,,,,,,,,,,,,,,,,,,,,,,,,,,,,,,,,,,,,,,,,,,,,,,,,,,,,,,,,,,,,,,,,,,,,,,,,,,,,,,,,,,,,,,,,,,,,,,,,,,,,,,,,,,,,,,,,,,,,,,,,,,,,,,,,,,,,,,,,,,,,,,,,,,,,,,,,,,,,,,,,,,,,,,,,,,,,,,,,,,,,,,,,,,,,,,,,,,,,,,,,,,,,,,,,,,,,,,,,,,,,,,,,,,,,,,,,,,,,,,,,,,,,,,,,,,,,,,,,,,,,,,,,,,,,,,,,,,,,,,,,,,,,,,,,,,,,,,,,,,,,,,,,,,,,,,,,,,,,,,,,,,,,,,,,,,,,,,,,,,,,,,,,,,,,,
MKD,962,North Macedonia,index,Official Core Consumer Price Index,,,,,,,,,,,,,,,,,,,,,,,,,,,,,,,,,,,,,,,,,,,,,,,,,,,,,,,,,,,,,,,,,,,,,,,,,,,,,,,,,,,,,,,,,,,,,,,,,,,,,,,,,,,,,,,,,,,,,,,,,,,,,,,,,,,,,,,,,,,,85.3,85.5,85.0,84.9,85.3,87.0,87.4,87.3,87.4,87.9,88.5,88.9,90.5,92.6,93.9,94.5,95.0,95.0,93.9,93.7,93.4,93.6,93.5,93.9,94.7,96.0,96.8,96.9,96.8,96.8,97.4,97.4,98.6,99.0,99.5,100.0,100.1,99.9,99.6,99.7,99.8,99.5,99.7,100.4,100.4,101.2,101.3,101.8,101.7,102.7,103.7,104.1,104.7,104.6,105.3,106.1,106.1,105.8,106.8,106.7,106.2,106.8,107.8,108.8,109.2,109.9,110.9,112.2,113.7,116.8,122.7,129.3,133.1,133.6,,Eurostat,2015,All Items Excluding Food and Energy,,,,,,,,,,,,,,,,,,,,,,,,,,,,,,,,,,,,,,,,,,,,,,,,,,,,,,,,,,,,,,,,,,,,,,,,,,,,,,,,,,,,,,,,,,,,,,,,,,,,,,,,,,,,,,,,,,,,,,,,,,,,,,,,,,,,,,,,,,,,,,,,,,,,,,,,,,,,,,,,,,,,,,,,,,,,,,,,,,,,,,,,,,,,,,,,,,,,,,,,,,,,,,,,,,,,,,,,,,,,,,,,,,,,,,,,,,,,,,,,,,,,,,,,,,,,,,,,,,,,,,,,,,,,,,,,,,,,,,,,,,,,,,,,,,,,,,,,,,,,,,,,,,,,,,,,,,,,,,,,,,,,,,,,,,,,,,,,,,,,,,,,,,,,,,,,,
MLT,181,Malta,index,Official Core Consumer Price Index,,,,,,,,,,,,,,,,,,,,,,,,,,,,,,,,,,,,,,,,,,,,,,,,,,,,,,,,,,,,,,,,,,,,,,,,,,,,,,,,,,,,,,,,,,,,,,,,,,,,,,,,,63.8,67.0,67.7,66.0,66.6,69.7,70.4,68.5,68.9,72.7,73.3,71.2,71.0,74.0,74.6,73.4,73.1,76.5,77.0,75.0,74.2,78.1,78.9,77.1,76.6,80.1,81.0,79.2,77.9,81.6,82.6,80.7,79.8,84.7,85.0,82.6,81.4,85.9,86.4,84.5,82.8,87.8,88.2,85.4,83.8,87.4,88.4,87.1,86.6,90.6,92.6,90.5,88.6,93.0,93.2,90.8,89.0,93.4,94.5,92.4,90.6,94.9,96.3,93.1,91.9,98.1,99.2,95.6,93.2,98.4,99.3,96.3,94.8,100.1,101.2,97.7,96.2,101.6,102.8,99.4,97.5,102.9,104.0,100.3,98.5,103.7,105.0,101.7,100.1,105.6,107.5,103.0,101.0,107.2,109.3,104.4,102.1,108.1,110.1,104.8,102.6,108.3,110.2,106.7,106.7,114.6,118.4,114.9,113.6,,Eurostat,2015,All Items Excluding Food and Energy,,,,,,,,,,,,,,,,,,,,,,,,,,,,,,,,,,,,,,,,,,,,,,,,,,,,,,,,,,,,,,,,,,,,,,,,,,,,,,,,,,,,,,,,,,,,,,,,,,,,,,,,,,,,,,,,,,,,,,,,,,,,,,,,,,,,,,,,,,,,,,,,,,,,,,,,,,,,,,,,,,,,,,,,,,,,,,,,,,,,,,,,,,,,,,,,,,,,,,,,,,,,,,,,,,,,,,,,,,,,,,,,,,,,,,,,,,,,,,,,,,,,,,,,,,,,,,,,,,,,,,,,,,,,,,,,,,,,,,,,,,,,,,,,,,,,,,,,,,,,,,,,,,,,,,,,,,,,,,,,,,,,,,,,,,,,,,,,,,,,,,,,,,,,,,,,,
MUS,684,Mauritius,index,Official Core Consumer Price Index,,,,,,,,,,,,,,,,,,,,,,,,,,,,,,,,,,,,,,,,,,,,,,,,,,,,,,,,,,,,,,,,,,,,,,,,,,,,,,,,,,,,,,,,,,,,,,,,,,,,,,,,,,,,,,,,,,,,,,,,,,,,,,,,,,,,,,,,,,,,,,,,,,,,,,,72.9,74.2,75.6,76.6,77.7,79.0,79.3,80.0,80.5,80.9,81.1,81.7,82.8,83.9,85.2,86.3,86.7,87.1,88.1,88.6,89.3,89.8,90.4,90.8,91.4,92.4,93.3,93.8,94.4,94.7,94.6,95.5,96.1,96.7,97.4,97.6,98.1,98.4,99.1,100.0,100.3,100.5,100.9,101.5,102.0,102.7,103.0,103.0,103.8,104.5,105.3,106.2,107.1,108.5,109.6,110.6,112.0,113.9,116.3,119.1,121.1,122.3,124.4,,National sources,2017,"All Items Excluding Food, Bev, Tobacco, Mtg Int, Energy & Admin Pr",,,,,,,,,,,,,,,,,,,,,,,,,,,,,,,,,,,,,,,,,,,,,,,,,,,,,,,,,,,,,,,,,,,,,,,,,,,,,,,,,,,,,,,,,,,,,,,,,,,,,,,,,,,,,,,,,,,,,,,,,,,,,,,,,,,,,,,,,,,,,,,,,,,,,,,,,,,,,,,,,,,,,,,,,,,,,,,,,,,,,,,,,,,,,,,,,,,,,,,,,,,,,,,,,,,,,,,,,,,,,,,,,,,,,,,,,,,,,,,,,,,,,,,,,,,,,,,,,,,,,,,,,,,,,,,,,,,,,,,,,,,,,,,,,,,,,,,,,,,,,,,,,,,,,,,,,,,,,,,,,,,,,,,,,,,,,,,,,,,,,,,,,,,,,,,,,
MYS,548,Malaysia,index,Official Core Consumer Price Index,,,,,,,,,,,,,,,,,,,,,,,,,,,,,,,,,,,,,,,,,,,,,,,,,,,,,,,,,,,,,,,,,,,,,,,,,,,,,,,,,,,,,,,,,,,,,,,,,,,,,,,,,,,,,,,,,,,,,,,,,,,,,,,,,,,,,,,,,,,,,91.3,91.6,92.0,92.5,92.9,93.2,93.3,93.6,94.0,94.3,94.9,95.4,96.0,96.8,97.8,98.1,98.3,98.5,98.8,99.3,99.6,99.8,100.1,100.6,101.1,101.7,102.3,102.5,102.9,103.1,103.4,103.7,104.0,104.4,104.8,105.6,106.4,106.8,107.3,107.7,108.5,110.3,111.3,112.3,112.9,113.3,114.0,114.4,115.0,115.5,116.0,116.1,116.5,116.4,115.9,116.5,116.8,117.4,117.8,118.3,118.5,118.5,118.8,119.0,119.1,119.3,119.1,119.4,120.0,120.9,121.8,122.4,122.8,,National sources,2010,All Items Excluding Food and Energy,,,,,,,,,,,,,,,,,,,,,,,,,,,,,,,,,,,,,,,,,,,,,,,,,,,,,,,,,,,,,,,,,,,,,,,,,,,,,,,,,,,,,,,,,,,,,,,,,,,,,,,,,,,,,,,,,,,,,,,,,,,,,,,,,,,,,,,,,,,,,,,,,,,,,,,,,,,,,,,,,,,,,,,,,,,,,,,,,,,,,,,,,,,,,,,,,,,,,,,,,,,,,,,,,,,,,,,,,,,,,,,,,,,,,,,,,,,,,,,,,,,,,,,,,,,,,,,,,,,,,,,,,,,,,,,,,,,,,,,,,,,,,,,,,,,,,,,,,,,,,,,,,,,,,,,,,,,,,,,,,,,,,,,,,,,,,,,,,,,,,,,,,,,,,,,,,
NGA,694,Nigeria,index,Official Core Consumer Price Index,,,,,,,,,,,,,,,,,,,,,,,,,,,,,,,,,,,,,,,,,,,,,,,,,,,,,,,,,,,,,,,,,,,,,,,,,,,,,,,,,,,,,,,,,,,,,,,,,,,,,21.3,23.8,25.8,27.6,29.1,30.2,31.2,31.6,32.0,32.6,32.9,33.6,33.9,34.0,34.1,34.8,35.3,35.9,36.2,36.6,37.3,38.4,39.3,40.1,41.4,42.9,43.5,44.1,44.8,45.2,46.8,49.0,50.7,52.8,56.9,62.1,64.5,61.0,62.2,64.0,65.8,70.4,71.4,70.6,73.7,79.3,80.3,83.5,81.6,81.5,82.6,80.4,83.2,85.0,88.5,91.2,93.2,95.0,97.7,100.9,104.4,106.4,109.9,112.5,115.6,118.5,120.9,124.2,131.2,135.3,136.9,139.2,141.5,141.7,146.3,150.0,151.9,153.7,155.9,159.3,163.0,166.2,169.5,172.8,178.4,186.5,193.0,198.2,203.5,210.1,217.3,223.3,228.4,234.4,240.4,246.6,252.2,257.1,263.0,270.2,277.3,284.7,291.9,301.7,312.9,323.4,333.6,344.4,357.2,371.7,389.9,406.0,425.0,,National sources,Nov-2011,All Items Excluding Volatile Goods and Services,,,,,,,,,,,,,,,,,,,,,,,,,,,,,,,,,,,,,,,,,,,,,,,,,,,,,,,,,,,,,,,,,,,,,,,,,,,,,,,,,,,,,,,,,,,,,,,,,,,,,,,,,,,,,,,,,,,,,,,,,,,,,,,,,,,,,,,,,,,,,,,,,,,,,,,,,,,,,,,,,,,,,,,,,,,,,,,,,,,,,,,,,,,,,,,,,,,,,,,,,,,,,,,,,,,,,,,,,,,,,,,,,,,,,,,,,,,,,,,,,,,,,,,,,,,,,,,,,,,,,,,,,,,,,,,,,,,,,,,,,,,,,,,,,,,,,,,,,,,,,,,,,,,,,,,,,,,,,,,,,,,,,,,,,,,,,,,,,,,,,,,,,,,,,,,,,
NIC,278,Nicaragua,index,Official Core Consumer Price Index,,,,,,,,,,,,,,,,,,,,,,,,,,,,,,,,,,,,,,,,,,,,,,,,,,,,,,,,,,,,,,,,,,,,,,,,,,,,,,,,,,,,,,,,,,,,,,,,,,,,,,,,,,,,,,,,,,,,,,,,,,,,,,,,,,,,,,,,,,,,,,,,,,,,,,,,,,,,,,,,,,,,,136.1,139.2,142.3,145.2,147.9,150.8,153.4,156.2,158.4,160.7,162.7,164.5,166.3,168.1,170.6,173.4,176.5,179.6,182.0,183.9,185.9,187.3,189.1,191.5,193.4,195.3,197.1,199.3,201.4,203.1,205.5,207.5,210.0,215.9,218.1,220.8,222.4,222.7,224.1,226.7,229.4,232.1,235.0,238.4,243.5,250.1,256.6,261.8,266.0,,National sources,2006,All Items Excluding Volatile Goods and Services ,,,,,,,,,,,,,,,,,,,,,,,,,,,,,,,,,,,,,,,,,,,,,,,,,,,,,,,,,,,,,,,,,,,,,,,,,,,,,,,,,,,,,,,,,,,,,,,,,,,,,,,,,,,,,,,,,,,,,,,,,,,,,,,,,,,,,,,,,,,,,,,,,,,,,,,,,,,,,,,,,,,,,,,,,,,,,,,,,,,,,,,,,,,,,,,,,,,,,,,,,,,,,,,,,,,,,,,,,,,,,,,,,,,,,,,,,,,,,,,,,,,,,,,,,,,,,,,,,,,,,,,,,,,,,,,,,,,,,,,,,,,,,,,,,,,,,,,,,,,,,,,,,,,,,,,,,,,,,,,,,,,,,,,,,,,,,,,,,,,,,,,,,,,,,,,,,
NLD,138,Netherlands,index,Official Core Consumer Price Index,21.2,21.5,21.8,22.2,22.8,23.4,23.7,24.1,24.7,25.4,25.5,26.2,26.6,27.5,27.7,28.3,28.9,30.0,30.5,31.5,32.1,33.1,33.8,34.5,35.0,36.2,36.3,37.2,37.5,38.6,38.7,39.3,39.5,40.1,40.7,41.2,41.3,42.0,42.4,43.2,43.7,44.7,45.2,45.9,46.2,47.1,47.9,48.8,49.1,49.7,50.4,51.0,51.2,51.6,52.0,52.6,52.9,53.3,53.5,54.2,54.3,54.8,54.9,55.5,55.2,55.5,55.4,55.9,55.5,55.9,56.0,56.2,55.9,56.4,56.7,56.9,56.6,57.1,57.3,57.6,57.6,58.2,58.6,59.1,59.1,59.5,60.4,61.0,61.2,61.9,62.6,63.1,63.5,64.1,65.0,65.3,65.6,66.1,66.6,67.0,67.3,67.6,68.1,68.5,69.7,70.3,70.6,71.1,70.9,71.5,71.7,72.3,72.3,72.9,73.3,73.8,73.9,74.6,75.0,75.4,75.0,75.8,76.0,76.7,77.4,78.5,78.8,79.7,80.3,81.3,81.5,81.9,82.2,82.9,83.0,83.4,83.4,84.2,84.3,84.7,84.6,85.2,85.2,85.6,84.8,85.5,85.6,85.9,86.0,87.0,86.8,87.0,87.4,88.4,88.5,88.9,89.0,90.0,90.1,90.4,90.6,91.7,91.3,91.6,91.9,93.0,93.3,93.4,93.5,94.7,95.2,95.6,96.2,97.4,98.1,97.7,97.8,98.7,99.5,99.0,98.7,100.2,100.8,100.3,99.9,100.8,101.4,101.1,101.0,101.8,102.3,102.1,101.9,102.9,103.9,103.8,103.8,104.8,106.1,106.0,105.9,107.3,108.3,108.2,108.3,109.3,109.8,110.5,111.0,113.2,115.4,117.0,118.2,,OECDstat,2015,All Items Excluding Food and Energy,,,,,,,,,,,,,,,,,,,,,,,,,,,,,,,,,,,,,,,,,,,,,,,,,,,,,,,,,,,,,,,,,,,,,,,,,,,,,,,,,,,,,,,,,,,,,,,,,,,,,,,,,,,,,,,,,,,,,,,,,,,,,,,,,,,,,,,,,,,,,,,,,,,,,,,,,,,,,,,,,,,,,,,,,,,,,,,,,,,,,,,,,,,,,,,,,,,,,,,,,,,,,,,,,,,,,,,,,,,,,,,,,,,,,,,,,,,,,,,,,,,,,,,,,,,,,,,,,,,,,,,,,,,,,,,,,,,,,,,,,,,,,,,,,,,,,,,,,,,,,,,,,,,,,,,,,,,,,,,,,,,,,,,,,,,,,,,,,,,,,,,,,,,,,,,,,
NOR,142,Norway,index,Official Core Consumer Price Index,,,,,,,,,,,,,,,,,,,,,,,,,,,,,,,,,,,,,26.0,26.3,26.6,27.1,28.1,28.9,29.7,30.3,31.8,32.7,33.3,33.7,35.2,36.1,36.7,37.4,38.6,39.4,39.8,40.4,41.1,41.8,42.1,42.7,43.4,44.2,44.6,45.2,46.1,47.2,48.4,49.4,50.9,52.0,52.5,53.4,54.5,55.6,56.0,56.6,57.3,58.3,58.6,59.1,59.6,60.5,60.7,61.6,62.0,62.8,62.8,63.3,63.5,64.3,64.6,65.0,65.6,66.4,66.3,66.6,66.7,67.2,67.4,67.8,68.3,68.8,69.0,69.3,70.2,70.6,70.7,71.1,71.5,72.0,72.2,72.6,73.2,73.8,73.9,74.5,74.9,75.7,75.4,76.0,76.5,77.2,77.4,78.1,79.0,79.6,79.8,80.5,80.7,81.5,81.3,81.8,82.5,82.3,81.7,82.0,82.0,82.4,82.3,83.0,83.0,83.6,83.6,84.2,84.0,84.5,84.2,85.0,85.0,85.6,85.4,86.6,86.9,87.5,87.9,88.8,89.1,90.0,89.9,90.5,90.8,91.4,91.2,91.8,91.7,92.7,92.2,92.9,93.0,93.8,93.5,94.3,94.3,95.2,95.3,96.0,96.4,97.5,97.5,98.3,98.7,99.9,100.3,101.2,102.0,103.1,103.7,104.1,104.1,105.2,105.1,105.7,105.5,106.9,107.2,107.9,108.1,109.4,109.6,110.3,110.7,112.3,113.0,113.2,113.1,114.0,114.3,115.1,115.7,117.8,119.0,120.5,122.4,,OECDstat,2015,All Items Excluding Food and Energy,,,,,,,,,,,,,,,,,,,,,,,,,,,,,,,,,,,,,,,,,,,,,,,,,,,,,,,,,,,,,,,,,,,,,,,,,,,,,,,,,,,,,,,,,,,,,,,,,,,,,,,,,,,,,,,,,,,,,,,,,,,,,,,,,,,,,,,,,,,,,,,,,,,,,,,,,,,,,,,,,,,,,,,,,,,,,,,,,,,,,,,,,,,,,,,,,,,,,,,,,,,,,,,,,,,,,,,,,,,,,,,,,,,,,,,,,,,,,,,,,,,,,,,,,,,,,,,,,,,,,,,,,,,,,,,,,,,,,,,,,,,,,,,,,,,,,,,,,,,,,,,,,,,,,,,,,,,,,,,,,,,,,,,,,,,,,,,,,,,,,,,,,,,,,,,,,
NZL,196,New Zealand,index,Official Core Consumer Price Index,6.5,6.6,6.7,7.0,7.2,7.4,7.5,7.7,7.9,8.0,8.1,8.2,8.3,8.6,8.7,8.9,9.1,9.4,9.8,10.1,10.5,10.9,11.2,11.8,12.3,12.7,13.1,13.5,13.8,14.4,14.8,15.4,15.7,16.2,16.5,17.0,17.4,18.0,18.8,19.5,20.2,21.0,21.8,22.6,23.2,24.2,25.1,26.1,27.0,28.4,29.6,30.6,30.9,31.2,31.4,31.7,32.0,32.8,33.6,34.6,36.2,37.9,39.1,40.3,41.3,42.6,44.4,48.1,49.4,51.1,52.0,53.3,54.3,54.6,55.1,55.8,56.5,57.0,58.7,59.4,60.1,61.1,61.7,62.2,62.8,63.1,63.3,63.3,63.6,63.9,63.8,64.0,63.9,64.6,64.9,65.1,65.2,65.6,66.4,67.3,68.2,68.9,69.2,69.6,,70.5,70.8,71.3,71.0,71.0,71.4,71.9,71.8,72.2,72.5,71.8,71.5,71.7,72.0,72.1,73.5,74.1,74.7,75.6,75.3,75.8,76.2,76.8,77.1,77.8,78.3,79.0,79.1,79.4,79.5,80.2,80.4,80.8,81.4,82.1,82.4,83.0,83.6,84.4,84.6,85.5,85.9,86.3,86.6,87.0,87.2,87.8,87.9,88.3,88.9,90.0,90.2,90.5,91.5,91.9,91.6,91.9,92.7,94.6,94.5,95.0,95.6,95.6,96.1,96.2,96.4,96.6,96.9,97.2,97.5,98.3,98.6,98.6,99.0,99.4,99.8,99.8,100.0,100.4,101.0,101.0,101.4,102.1,102.5,102.4,102.9,103.1,103.5,103.5,104.2,104.7,105.0,105.4,106.1,106.9,107.6,107.6,108.1,109.4,110.0,111.0,113.0,114.8,115.8,117.3,120.1,122.5,123.6,,OECDstat,2015,All Items Excluding Food and Energy,,,,,,,,,,,,,,,,,,,,,,,,,,,,,,,,,,,,,,,,,,,,,,,,,,,,,,,,,,,,,,,,,,,,,,,,,,,,,,,,,,,,,,,,,,,,,,,,,,,,,,,,,,,,,,,,,,,,,,,,,,,,,,,,,,,,,,,,,,,,,,,,,,,,,,,,,,,,,,,,,,,,,,,,,,,,,,,,,,,,,,,,,,,,,,,,,,,,,,,,,,,,,,,,,,,,,,,,,,,,,,,,,,,,,,,,,,,,,,,,,,,,,,,,,,,,,,,,,,,,,,,,,,,,,,,,,,,,,,,,,,,,,,,,,,,,,,,,,,,,,,,,,,,,,,,,,,,,,,,,,,,,,,,,,,,,,,,,,,,,,,,,,,,,,,,,,
PER,293,Peru,index,Official Core Consumer Price Index,,,,,,,,,,,,,,,,,,,,,,,,,,,,,,,,,,,,,,,,,,,,,,,,,,,,,,,,,,,,,,,,,,,,,,,,,,,,,,,,,,,,,8.1,10.2,12.5,14.6,16.4,18.4,20.3,22.6,25.2,27.7,29.9,31.9,33.6,35.2,36.6,38.1,39.2,40.2,41.4,42.3,43.2,44.4,45.4,46.3,47.4,48.4,49.3,50.0,50.7,51.5,52.5,53.5,54.5,55.2,55.8,56.3,56.8,57.2,57.7,58.2,58.5,58.8,59.0,59.1,59.2,59.3,59.6,59.8,59.9,60.0,60.1,60.2,60.4,60.7,60.8,61.0,61.2,61.4,61.5,61.7,62.0,62.2,62.4,62.6,62.8,63.2,63.6,64.3,65.0,65.8,66.8,67.9,68.7,69.2,69.5,69.7,70.1,70.4,70.8,71.2,71.7,72.4,73.1,73.8,74.4,75.0,75.6,76.2,76.9,77.6,78.3,79.1,79.8,80.4,80.9,81.6,82.5,83.4,84.2,85.0,86.0,86.8,87.5,88.3,88.9,89.5,90.0,90.4,90.9,91.5,92.2,92.6,93.2,93.8,94.3,94.7,95.1,95.4,95.8,96.3,96.7,97.2,98.3,99.6,100.8,102.5,104.4,106.0,107.6,,National sources,2009,All Items Excluding Food and Energy,,,,,,,,,,,,,,,,,,,,,,,,,,,,,,,,,,,,,,,,,,,,,,,,,,,,,,,,,,,,,,,,,,,,,,,,,,,,,,,,,,,,,,,,,,,,,,,,,,,,,,,,,,,,,,,,,,,,,,,,,,,,,,,,,,,,,,,,,,,,,,,,,,,,,,,,,,,,,,,,,,,,,,,,,,,,,,,,,,,,,,,,,,,,,,,,,,,,,,,,,,,,,,,,,,,,,,,,,,,,,,,,,,,,,,,,,,,,,,,,,,,,,,,,,,,,,,,,,,,,,,,,,,,,,,,,,,,,,,,,,,,,,,,,,,,,,,,,,,,,,,,,,,,,,,,,,,,,,,,,,,,,,,,,,,,,,,,,,,,,,,,,,,,,,,,,,
PHL,566,Philippines,index,Official Core Consumer Price Index,,,,,,,,,,,,,,,,,,,,,,,,,,,,,,,,,,,,,,,,,,,,,,,,,,,,,,,,,,,,,,,,,,,,,,,,,,,,,,,,,,,,,,,,,,,,,,,,,,,,,,,,,,,,,,,,,,,,,,,,,,,,,,,,,,,,,,,,,,,,,,,,,,,,,,,,,,,,,,,,,,,,,,,84.4,85.0,85.8,86.6,86.9,87.7,88.5,89.0,89.6,90.1,90.5,90.9,91.5,91.7,91.7,92.0,92.3,92.8,93.0,93.5,94.0,94.7,95.4,95.7,96.1,96.8,98.4,99.5,100.5,101.4,101.8,102.9,103.5,104.4,104.9,104.8,106.8,107.6,108.6,109.6,110.1,111.0,112.0,114.2,115.8,117.4,,,National sources,2006,All Items Excluding Food and Energy,,,,,,,,,,,,,,,,,,,,,,,,,,,,,,,,,,,,,,,,,,,,,,,,,,,,,,,,,,,,,,,,,,,,,,,,,,,,,,,,,,,,,,,,,,,,,,,,,,,,,,,,,,,,,,,,,,,,,,,,,,,,,,,,,,,,,,,,,,,,,,,,,,,,,,,,,,,,,,,,,,,,,,,,,,,,,,,,,,,,,,,,,,,,,,,,,,,,,,,,,,,,,,,,,,,,,,,,,,,,,,,,,,,,,,,,,,,,,,,,,,,,,,,,,,,,,,,,,,,,,,,,,,,,,,,,,,,,,,,,,,,,,,,,,,,,,,,,,,,,,,,,,,,,,,,,,,,,,,,,,,,,,,,,,,,,,,,,,,,,,,,,,,,,,,,,,
POL,964,Poland,index,Official Core Consumer Price Index,,,,,,,,,,,,,,,,,,,,,,,,,,,,,,,,,,,,,,,,,,,,,,,,,,,,,,,,,,,,,,,,,,,,,,,,,,,,,,,,,,,,,,,,,,,,,,,,,,,,,36.5,38.8,40.7,42.8,45.4,47.2,49.1,50.9,53.5,55.1,56.7,58.4,61.6,63.1,64.4,65.4,67.7,69.4,70.8,72.2,74.7,75.9,77.1,78.2,79.4,80.6,81.4,81.7,82.7,83.2,83.5,83.2,83.5,83.7,83.8,83.9,84.1,85.1,85.8,86.0,86.0,86.2,86.5,86.7,86.6,86.6,87.2,87.3,87.3,87.7,87.9,88.2,88.9,89.6,90.1,90.6,91.1,92.0,92.6,92.9,93.1,93.5,93.7,94.0,94.6,95.5,96.0,96.6,96.9,97.7,97.8,98.1,98.0,98.7,99.2,99.4,99.1,99.6,99.7,99.8,99.7,100.1,100.1,100.1,99.5,99.8,99.8,100.1,100.0,100.7,100.5,100.8,100.8,101.3,101.3,101.6,101.8,103.1,103.5,104.3,105.3,107.0,107.8,108.5,109.5,110.9,111.9,113.7,116.4,120.1,122.9,126.5,130.1,,OECDstat,2015,All Items Excluding Food and Energy,,,,,,,,,,,,,,,,,,,,,,,,,,,,,,,,,,,,,,,,,,,,,,,,,,,,,,,,,,,,,,,,,,,,,,,,,,,,,,,,,,,,,,,,,,,,,,,,,,,,,,,,,,,,,,,,,,,,,,,,,,,,,,,,,,,,,,,,,,,,,,,,,,,,,,,,,,,,,,,,,,,,,,,,,,,,,,,,,,,,,,,,,,,,,,,,,,,,,,,,,,,,,,,,,,,,,,,,,,,,,,,,,,,,,,,,,,,,,,,,,,,,,,,,,,,,,,,,,,,,,,,,,,,,,,,,,,,,,,,,,,,,,,,,,,,,,,,,,,,,,,,,,,,,,,,,,,,,,,,,,,,,,,,,,,,,,,,,,,,,,,,,,,,,,,,,,
PRT,182,Portugal,index,Official Core Consumer Price Index,1.5,1.5,1.6,1.6,1.7,1.8,1.8,1.9,2.0,2.0,2.0,2.1,2.2,2.3,2.4,2.5,2.8,2.8,2.9,2.8,3.0,3.1,3.2,3.3,3.6,3.3,4.0,4.3,4.4,4.7,4.9,5.2,5.4,5.7,6.0,6.4,6.6,6.9,7.0,7.4,7.7,7.9,8.1,8.4,9.0,9.3,9.6,10.1,10.7,11.1,11.4,11.9,12.7,13.2,13.9,14.8,15.8,16.8,17.6,18.3,19.7,20.5,20.9,21.7,23.2,23.8,24.1,24.8,25.8,26.3,26.7,27.5,28.7,29.4,30.1,31.4,33.1,34.0,34.6,35.3,37.1,38.4,39.3,40.4,42.8,44.2,45.0,46.0,48.0,49.6,50.7,51.8,53.8,55.1,55.8,56.5,57.9,58.7,59.2,59.9,61.0,61.9,62.5,62.9,63.5,64.2,64.6,65.2,67.2,67.7,68.0,68.3,68.3,69.3,69.6,70.3,70.4,71.3,71.4,72.2,72.1,73.3,73.6,74.5,74.6,75.8,76.1,77.2,77.8,79.3,80.0,81.2,81.1,82.3,82.3,83.3,83.2,84.4,84.2,85.4,85.4,86.5,86.7,87.7,88.0,89.3,89.1,90.0,89.8,91.7,91.2,92.0,92.0,93.4,92.9,93.7,93.4,94.4,94.0,94.3,93.9,95.0,95.1,95.8,96.6,98.0,97.6,98.5,98.6,99.4,98.8,99.5,98.4,99.9,99.1,99.7,98.4,99.9,99.1,99.9,98.8,100.5,100.0,100.7,99.8,101.3,100.6,101.3,100.4,102.6,101.8,102.5,101.1,103.2,102.7,103.0,101.9,103.9,102.8,103.5,102.1,103.8,102.7,103.3,102.6,103.9,103.6,104.9,105.8,109.6,110.4,112.5,113.3,,OECDstat,2015,All Items Excluding Food and Energy,,,,,,,,,,,,,,,,,,,,,,,,,,,,,,,,,,,,,,,,,,,,,,,,,,,,,,,,,,,,,,,,,,,,,,,,,,,,,,,,,,,,,,,,,,,,,,,,,,,,,,,,,,,,,,,,,,,,,,,,,,,,,,,,,,,,,,,,,,,,,,,,,,,,,,,,,,,,,,,,,,,,,,,,,,,,,,,,,,,,,,,,,,,,,,,,,,,,,,,,,,,,,,,,,,,,,,,,,,,,,,,,,,,,,,,,,,,,,,,,,,,,,,,,,,,,,,,,,,,,,,,,,,,,,,,,,,,,,,,,,,,,,,,,,,,,,,,,,,,,,,,,,,,,,,,,,,,,,,,,,,,,,,,,,,,,,,,,,,,,,,,,,,,,,,,,,
PRY,288,Paraguay,index,Official Core Consumer Price Index,,,,,,,,,,,,,,,,,,,,,,,,,,,,,,,,,,,,,,,,,,,,,,,,,,,,,,,,,,,,,,,,,,,,,,,,,,,,,,,,,,,,,,,,,,,,,16.8,17.4,18.3,19.3,20.3,21.1,22.0,22.8,23.6,24.3,24.9,25.5,26.2,26.7,27.3,27.7,28.1,28.6,28.8,29.2,30.0,31.8,33.0,33.8,34.1,33.9,34.8,35.3,35.9,36.5,36.9,37.1,37.3,38.0,38.7,39.6,40.3,40.8,43.0,44.6,46.7,47.8,47.8,48.8,48.9,49.3,49.4,49.3,50.1,51.3,52.3,53.5,54.8,56.2,57.0,58.2,58.5,58.8,60.6,62.9,64.7,66.3,67.4,68.0,68.0,68.3,68.7,68.9,69.7,70.7,72.3,74.5,76.6,77.7,78.0,77.7,78.6,79.3,79.9,80.5,81.2,81.7,83.0,84.5,85.4,86.4,87.0,87.3,88.1,89.3,90.2,91.3,92.5,93.1,94.5,95.8,96.7,98.2,98.9,99.6,100.5,101.3,101.9,102.4,103.0,104.1,104.5,105.0,106.0,106.3,107.2,108.4,109.5,110.5,112.6,114.9,116.9,119.6,121.6,123.0,125.2,,National sources,end-2017,"All Items Excluding Fruits, Vegetables, Taxed Srv & Fuels",,,,,,,,,,,,,,,,,,,,,,,,,,,,,,,,,,,,,,,,,,,,,,,,,,,,,,,,,,,,,,,,,,,,,,,,,,,,,,,,,,,,,,,,,,,,,,,,,,,,,,,,,,,,,,,,,,,,,,,,,,,,,,,,,,,,,,,,,,,,,,,,,,,,,,,,,,,,,,,,,,,,,,,,,,,,,,,,,,,,,,,,,,,,,,,,,,,,,,,,,,,,,,,,,,,,,,,,,,,,,,,,,,,,,,,,,,,,,,,,,,,,,,,,,,,,,,,,,,,,,,,,,,,,,,,,,,,,,,,,,,,,,,,,,,,,,,,,,,,,,,,,,,,,,,,,,,,,,,,,,,,,,,,,,,,,,,,,,,,,,,,,,,,,,,,,,
QAT,453,Qatar,index,Official Core Consumer Price Index,,,,,,,,,,,,,,,,,,,,,,,,,,,,,,,,,,,,,,,,,,,,,,,,,,,,,,,,,,,,,,,,,,,,,,,,,,,,,,,,,,,,,,,,,,,,,,,,,,,,,,,,,,,,,,,,,,,,,,,,,,,,,,,,,,,,,,,,,,,,,,,,,,,,,,,,,,,,,,,,,,,,,,,,,,,,,,,,,,93.7,93.6,93.8,95.0,95.5,95.8,96.2,96.8,97.1,97.9,97.8,97.9,98.5,99.0,99.8,100.4,100.2,99.8,99.6,98.9,99.8,100.3,99.3,99.0,97.0,97.3,97.0,99.2,100.8,102.2,104.5,104.3,106.0,106.9,108.6,107.4,,National sources,2018,"All Items Excluding Housing, Water, Electricity and Gas ",,,,,,,,,,,,,,,,,,,,,,,,,,,,,,,,,,,,,,,,,,,,,,,,,,,,,,,,,,,,,,,,,,,,,,,,,,,,,,,,,,,,,,,,,,,,,,,,,,,,,,,,,,,,,,,,,,,,,,,,,,,,,,,,,,,,,,,,,,,,,,,,,,,,,,,,,,,,,,,,,,,,,,,,,,,,,,,,,,,,,,,,,,,,,,,,,,,,,,,,,,,,,,,,,,,,,,,,,,,,,,,,,,,,,,,,,,,,,,,,,,,,,,,,,,,,,,,,,,,,,,,,,,,,,,,,,,,,,,,,,,,,,,,,,,,,,,,,,,,,,,,,,,,,,,,,,,,,,,,,,,,,,,,,,,,,,,,,,,,,,,,,,,,,,,,,,
ROU,968,Romania,index,Official Core Consumer Price Index,,,,,,,,,,,,,,,,,,,,,,,,,,,,,,,,,,,,,,,,,,,,,,,,,,,,,,,,,,,,,,,,,,,,,,,,,,,,,,,,,,,,,,,,,,,,,,,,,,,,,,,,,,,,,,,,,,,,,,,,,,,,34.3,36.5,38.7,40.3,42.7,44.8,46.2,47.6,49.7,51.3,52.8,54.9,57.8,59.4,60.1,61.3,62.3,63.3,64.2,64.8,66.2,67.0,67.6,68.8,70.0,70.7,71.1,72.2,74.5,76.2,77.0,77.6,79.4,81.5,82.2,82.8,84.2,86.1,86.4,89.2,90.3,91.3,91.9,92.9,93.7,94.6,94.9,95.7,96.8,97.4,97.6,97.8,98.0,98.9,99.2,99.4,99.9,100.5,100.3,99.3,100.0,99.6,99.6,99.7,100.2,100.0,100.3,100.6,101.5,102.3,103.0,103.5,104.5,105.9,107.1,107.6,108.3,109.7,110.6,111.2,111.4,112.4,113.4,114.4,116.3,118.9,122.5,125.3,129.8,131.2,,Eurostat,2015,All Items Excluding Food and Energy,,,,,,,,,,,,,,,,,,,,,,,,,,,,,,,,,,,,,,,,,,,,,,,,,,,,,,,,,,,,,,,,,,,,,,,,,,,,,,,,,,,,,,,,,,,,,,,,,,,,,,,,,,,,,,,,,,,,,,,,,,,,,,,,,,,,,,,,,,,,,,,,,,,,,,,,,,,,,,,,,,,,,,,,,,,,,,,,,,,,,,,,,,,,,,,,,,,,,,,,,,,,,,,,,,,,,,,,,,,,,,,,,,,,,,,,,,,,,,,,,,,,,,,,,,,,,,,,,,,,,,,,,,,,,,,,,,,,,,,,,,,,,,,,,,,,,,,,,,,,,,,,,,,,,,,,,,,,,,,,,,,,,,,,,,,,,,,,,,,,,,,,,,,,,,,,,
RUS,922,Russian Federation,index,Official Core Consumer Price Index,,,,,,,,,,,,,,,,,,,,,,,,,,,,,,,,,,,,,,,,,,,,,,,,,,,,,,,,,,,,,,,,,,,,,,,,,,,,,,,,,,,,,,,,,,,,,,,,,,,,,,,,,,,,,,,,,,,,,,,,,,,,,,,,,,,,,33.6,34.3,35.2,36.3,37.1,38.0,39.0,40.1,41.0,42.1,42.9,43.6,44.6,45.4,46.3,47.0,47.7,48.5,49.9,52.0,53.5,55.5,57.3,59.2,61.2,63.0,63.9,64.4,65.1,65.8,67.0,68.5,70.0,71.2,72.3,73.2,74.0,74.9,76.3,77.5,78.2,79.2,80.5,81.8,82.7,84.7,87.0,89.6,96.2,99.2,101.3,103.3,105.0,106.7,108.4,109.7,110.3,110.8,111.6,112.2,112.4,113.1,114.5,116.0,117.5,118.3,119.3,120.0,120.6,121.7,123.0,124.7,126.7,128.9,131.8,135.5,142.7,154.3,155.2,156.1,156.8,,National sources,2015,All Items Excluding Food and Gasoline ,,,,,,,,,,,,,,,,,,,,,,,,,,,,,,,,,,,,,,,,,,,,,,,,,,,,,,,,,,,,,,,,,,,,,,,,,,,,,,,,,,,,,,,,,,,,,,,,,,,,,,,,,,,,,,,,,,,,,,,,,,,,,,,,,,,,,,,,,,,,,,,,,,,,,,,,,,,,,,,,,,,,,,,,,,,,,,,,,,,,,,,,,,,,,,,,,,,,,,,,,,,,,,,,,,,,,,,,,,,,,,,,,,,,,,,,,,,,,,,,,,,,,,,,,,,,,,,,,,,,,,,,,,,,,,,,,,,,,,,,,,,,,,,,,,,,,,,,,,,,,,,,,,,,,,,,,,,,,,,,,,,,,,,,,,,,,,,,,,,,,,,,,,,,,,,,,
SGP,576,Singapore,index,Official Core Consumer Price Index,,,,,,,,,,,,,,,,,,,,,,,,,,,,,,,,,,,,,,,,,,,,,,,,,,,,,,,,,,,,,,,,,,,,,,,,,,,,,,,,,61.5,61.8,62.0,63.0,63.7,64.2,64.6,64.9,64.9,65.3,65.6,65.8,66.2,66.4,66.7,67.0,67.4,68.1,68.6,68.9,69.3,69.7,69.9,70.1,70.4,70.9,71.2,71.5,71.6,71.8,72.3,72.6,72.6,72.3,72.2,72.4,72.4,72.8,72.8,72.9,73.3,73.4,74.0,74.5,74.9,75.1,75.0,74.8,74.5,75.0,75.0,75.2,75.3,75.5,75.8,76.0,76.7,77.2,77.2,77.4,77.5,77.9,78.3,78.8,79.1,79.3,79.5,79.9,80.1,80.4,81.6,82.7,84.4,85.6,86.2,87.0,86.2,85.5,85.5,85.8,86.3,86.9,87.4,87.7,87.9,88.8,89.3,89.9,90.7,91.1,91.4,91.7,92.1,92.5,93.0,93.6,94.0,94.6,94.8,95.0,95.1,94.8,95.2,95.2,95.5,95.8,96.1,96.4,96.7,97.3,97.5,97.8,98.2,98.7,99.4,99.5,100.0,100.0,100.0,100.1,100.0,99.8,99.7,99.9,100.2,100.5,100.8,101.6,102.7,104.3,105.9,106.8,108.2,,National sources,2019,All Items Excluding Accommodation & Priv Road Transport Costs,,,,,,,,,,,,,,,,,,,,,,,,,,,,,,,,,,,,,,,,,,,,,,,,,,,,,,,,,,,,,,,,,,,,,,,,,,,,,,,,,,,,,,,,,,,,,,,,,,,,,,,,,,,,,,,,,,,,,,,,,,,,,,,,,,,,,,,,,,,,,,,,,,,,,,,,,,,,,,,,,,,,,,,,,,,,,,,,,,,,,,,,,,,,,,,,,,,,,,,,,,,,,,,,,,,,,,,,,,,,,,,,,,,,,,,,,,,,,,,,,,,,,,,,,,,,,,,,,,,,,,,,,,,,,,,,,,,,,,,,,,,,,,,,,,,,,,,,,,,,,,,,,,,,,,,,,,,,,,,,,,,,,,,,,,,,,,,,,,,,,,,,,,,,,,,,,
SLV,253,El Salvador,index,Official Core Consumer Price Index,,,,,,,,,,,,,,,,,,,,,,,,,,,,,,,,,,,,,,,,,,,,,,,,,,,,,,,,,,,,,,,,,,,,,,,,,,,,,,,,,,,,,,,,,,,,,,,,,,,,,,,,,,,,,,,,,,,,,,,,,,,,,,,,,,,,,,,,,,,,,,,,,,,,,,,,,,,,,101.5,101.2,100.8,100.3,100.2,100.3,100.6,101.1,102.0,102.6,103.2,103.5,103.6,104.0,104.2,104.4,104.7,104.7,104.8,104.9,105.0,105.1,105.5,105.6,105.5,105.6,105.5,105.5,105.6,105.6,105.4,105.4,105.5,105.6,105.7,105.7,105.8,105.8,105.9,105.9,105.9,105.9,105.9,105.9,106.0,106.2,106.3,106.6,107.1,107.8,108.9,110.3,111.7,113.2,114.6,115.8,116.6,,National sources,end-2009,All Items Excluding Food and Energy,,,,,,,,,,,,,,,,,,,,,,,,,,,,,,,,,,,,,,,,,,,,,,,,,,,,,,,,,,,,,,,,,,,,,,,,,,,,,,,,,,,,,,,,,,,,,,,,,,,,,,,,,,,,,,,,,,,,,,,,,,,,,,,,,,,,,,,,,,,,,,,,,,,,,,,,,,,,,,,,,,,,,,,,,,,,,,,,,,,,,,,,,,,,,,,,,,,,,,,,,,,,,,,,,,,,,,,,,,,,,,,,,,,,,,,,,,,,,,,,,,,,,,,,,,,,,,,,,,,,,,,,,,,,,,,,,,,,,,,,,,,,,,,,,,,,,,,,,,,,,,,,,,,,,,,,,,,,,,,,,,,,,,,,,,,,,,,,,,,,,,,,,,,,,,,,,
SVK,936,Slovakia,index,Official Core Consumer Price Index,,,,,,,,,,,,,,,,,,,,,,,,,,,,,,,,,,,,,,,,,,,,,,,,,,,,,,,,,,,,,,,,,,,,,,,,,,,,,,,,,,,,,,,,,,,,,,,,,,,,,40.1,41.1,41.8,42.3,43.3,43.9,44.3,44.8,45.8,46.6,47.3,48.3,49.8,50.4,50.7,51.4,53.0,54.3,56.2,57.0,59.3,60.5,61.0,61.3,63.6,64.6,65.2,65.8,66.6,66.9,67.7,68.4,71.3,72.4,73.4,74.2,77.2,77.9,78.3,78.7,80.1,80.2,80.2,80.6,82.4,82.8,83.2,83.8,85.1,85.2,85.6,86.1,87.7,88.1,89.1,90.7,91.5,91.6,92.1,92.6,92.8,92.8,92.9,93.1,93.9,94.6,95.0,95.7,96.7,97.4,97.9,98.5,98.8,99.0,99.0,99.2,99.2,99.5,99.7,99.8,99.8,100.0,100.1,100.1,100.3,100.6,100.6,100.9,101.5,101.8,102.0,102.3,103.1,104.0,104.3,104.5,105.1,105.9,106.6,106.8,107.6,108.2,108.7,109.0,110.2,111.6,113.6,115.9,118.4,122.5,125.6,128.4,132.4,,OECDstat,2015,All Items Excluding Food and Energy,,,,,,,,,,,,,,,,,,,,,,,,,,,,,,,,,,,,,,,,,,,,,,,,,,,,,,,,,,,,,,,,,,,,,,,,,,,,,,,,,,,,,,,,,,,,,,,,,,,,,,,,,,,,,,,,,,,,,,,,,,,,,,,,,,,,,,,,,,,,,,,,,,,,,,,,,,,,,,,,,,,,,,,,,,,,,,,,,,,,,,,,,,,,,,,,,,,,,,,,,,,,,,,,,,,,,,,,,,,,,,,,,,,,,,,,,,,,,,,,,,,,,,,,,,,,,,,,,,,,,,,,,,,,,,,,,,,,,,,,,,,,,,,,,,,,,,,,,,,,,,,,,,,,,,,,,,,,,,,,,,,,,,,,,,,,,,,,,,,,,,,,,,,,,,,,,
SVN,961,Slovenia,index,Official Core Consumer Price Index,,,,,,,,,,,,,,,,,,,,,,,,,,,,,,,,,,,,,,,,,,,,,,,,,,,,,,,,,,,,,,,,,,,,,,,,,,,,,,,,,,,,,,,,,,,,,,,,,,,,,,,,,,,,,,,,,,,,,,,,,65.5,66.7,67.8,69.0,70.4,71.8,72.5,74.0,75.8,77.6,78.8,79.9,81.2,82.8,83.5,84.2,84.7,86.1,86.8,87.1,86.7,87.7,88.0,88.4,87.5,89.1,89.2,89.9,89.6,91.2,91.9,92.8,92.9,95.0,95.2,96.0,95.4,97.1,96.5,96.9,95.6,97.6,96.7,96.8,95.1,97.4,96.5,97.7,96.2,98.3,97.7,99.0,97.6,99.3,99.4,99.7,98.4,100.4,99.6,100.2,99.2,100.3,99.9,100.6,99.4,101.1,100.7,101.1,100.0,102.0,101.6,101.7,100.6,102.9,102.4,102.8,102.1,104.5,104.6,104.6,103.6,105.0,105.2,104.9,103.3,105.6,106.7,107.5,107.8,111.6,113.5,114.8,116.2,,OECDstat,2015,All Items Excluding Food and Energy,,,,,,,,,,,,,,,,,,,,,,,,,,,,,,,,,,,,,,,,,,,,,,,,,,,,,,,,,,,,,,,,,,,,,,,,,,,,,,,,,,,,,,,,,,,,,,,,,,,,,,,,,,,,,,,,,,,,,,,,,,,,,,,,,,,,,,,,,,,,,,,,,,,,,,,,,,,,,,,,,,,,,,,,,,,,,,,,,,,,,,,,,,,,,,,,,,,,,,,,,,,,,,,,,,,,,,,,,,,,,,,,,,,,,,,,,,,,,,,,,,,,,,,,,,,,,,,,,,,,,,,,,,,,,,,,,,,,,,,,,,,,,,,,,,,,,,,,,,,,,,,,,,,,,,,,,,,,,,,,,,,,,,,,,,,,,,,,,,,,,,,,,,,,,,,,,
SWE,144,Sweden,index,Official Core Consumer Price Index,14.3,14.5,14.7,14.9,15.4,15.4,15.6,15.9,16.2,16.4,16.6,16.8,17.1,17.4,17.6,17.9,18.5,18.8,19.1,20.1,20.3,20.7,21.3,21.7,22.3,22.8,23.1,23.8,24.3,25.2,26.0,26.7,27.6,27.9,28.1,28.6,29.1,29.6,30.0,31.1,32.5,33.1,33.9,35.2,36.3,37.2,37.8,38.2,39.2,39.8,40.3,41.2,42.5,43.2,43.9,44.9,45.9,46.6,47.1,48.2,49.2,50.1,50.2,51.2,51.9,52.3,52.7,53.4,54.2,54.6,55.2,56.2,57.0,58.2,58.7,59.8,60.7,61.7,62.3,63.6,65.8,67.1,68.0,69.4,73.1,74.8,75.0,76.4,77.2,77.6,78.1,79.2,80.8,81.4,81.4,82.5,82.7,83.4,83.5,84.5,84.9,85.7,85.8,86.7,87.3,87.4,86.6,86.8,86.6,87.2,87.0,88.0,86.8,87.0,86.4,86.8,86.6,87.1,87.0,87.5,86.8,87.4,87.2,88.0,87.9,89.0,89.1,89.9,89.6,90.8,90.8,91.7,91.4,91.9,91.4,92.1,91.6,91.9,91.7,92.3,91.6,92.0,91.5,92.4,91.8,92.6,92.5,93.4,93.5,94.7,95.1,96.5,95.7,96.9,97.2,97.8,95.8,95.8,95.8,96.6,95.4,96.3,96.5,97.7,97.9,99.3,99.7,100.7,99.8,100.6,100.2,100.4,99.6,100.1,99.9,100.4,99.5,100.2,99.9,100.3,99.7,99.9,100.0,100.4,100.3,100.9,101.0,101.4,101.1,102.4,102.8,102.8,102.4,103.4,103.7,104.0,103.6,105.2,105.3,105.8,105.2,106.0,106.7,107.0,106.7,107.4,107.7,108.6,109.9,112.6,114.8,118.2,121.1,,OECDstat,2015,All Items Excluding Food and Energy,,,,,,,,,,,,,,,,,,,,,,,,,,,,,,,,,,,,,,,,,,,,,,,,,,,,,,,,,,,,,,,,,,,,,,,,,,,,,,,,,,,,,,,,,,,,,,,,,,,,,,,,,,,,,,,,,,,,,,,,,,,,,,,,,,,,,,,,,,,,,,,,,,,,,,,,,,,,,,,,,,,,,,,,,,,,,,,,,,,,,,,,,,,,,,,,,,,,,,,,,,,,,,,,,,,,,,,,,,,,,,,,,,,,,,,,,,,,,,,,,,,,,,,,,,,,,,,,,,,,,,,,,,,,,,,,,,,,,,,,,,,,,,,,,,,,,,,,,,,,,,,,,,,,,,,,,,,,,,,,,,,,,,,,,,,,,,,,,,,,,,,,,,,,,,,,,
TCD,628,Chad,index,Official Core Consumer Price Index,,,,,,,,,,,,,,,,,,,,,,,,,,,,,,,,,,,,,,,,,,,,,,,,,,,,,,,,,,,,,,,,,,,,,,,,,,,,,,,,,,,,,,,,,,,,,,,,,,,,,,,,,,,,,,,,,,,,,,,,,,,,,,,,,,,,,,,,,,,,,,,,,,,,,,,,,,,,,,,,,,,,,,,,,,,,,,,,,,,,,,,,,,,,,,,104.1,102.4,99.3,98.7,95.5,98.2,95.0,96.4,96.4,95.8,98.3,101.1,106.2,103.4,101.5,102.8,105.9,103.9,105.5,110.7,115.6,116.3,,,National sources,2014,All Items Excluding Fresh Food & Energy,,,,,,,,,,,,,,,,,,,,,,,,,,,,,,,,,,,,,,,,,,,,,,,,,,,,,,,,,,,,,,,,,,,,,,,,,,,,,,,,,,,,,,,,,,,,,,,,,,,,,,,,,,,,,,,,,,,,,,,,,,,,,,,,,,,,,,,,,,,,,,,,,,,,,,,,,,,,,,,,,,,,,,,,,,,,,,,,,,,,,,,,,,,,,,,,,,,,,,,,,,,,,,,,,,,,,,,,,,,,,,,,,,,,,,,,,,,,,,,,,,,,,,,,,,,,,,,,,,,,,,,,,,,,,,,,,,,,,,,,,,,,,,,,,,,,,,,,,,,,,,,,,,,,,,,,,,,,,,,,,,,,,,,,,,,,,,,,,,,,,,,,,,,,,,,,,
THA,578,Thailand,index,Official Core Consumer Price Index,,,,,,,,,,,,,,,,,,,,,,,,,,,,,,,,,,,,,,,,,,,,,,,,,,,,,,,,,,,,,48.3,49.7,50.2,50.4,50.9,51.3,51.6,52.0,52.5,52.8,53.2,53.9,54.4,54.7,55.2,55.7,56.2,56.7,57.7,58.3,58.9,59.7,60.2,61.1,61.8,62.8,63.2,63.7,64.2,65.3,66.3,67.0,67.7,68.1,68.9,69.8,70.7,71.2,71.7,72.2,72.8,74.0,75.1,75.8,76.4,77.0,77.4,78.0,78.8,79.6,80.6,82.5,84.1,85.8,86.8,87.1,87.6,86.9,87.3,87.8,87.9,88.3,88.5,88.8,89.2,90.0,90.2,90.2,90.3,90.3,90.3,90.3,90.4,90.1,89.9,90.0,90.2,90.3,90.3,90.5,90.6,91.2,92.4,92.9,93.3,93.9,94.3,94.5,94.6,94.5,94.7,95.2,95.1,95.3,94.7,94.0,94.0,93.6,93.6,93.8,94.1,94.5,94.6,94.8,94.9,94.9,95.1,95.2,95.3,95.6,96.0,96.4,96.5,96.5,96.7,96.9,97.0,97.1,97.3,97.5,97.9,98.1,98.2,98.3,98.6,98.8,98.9,98.9,99.0,99.0,99.1,99.4,99.5,99.7,99.7,99.7,99.8,100.0,100.1,100.2,100.2,99.8,100.1,100.1,100.1,100.1,100.0,100.1,100.3,100.5,100.8,101.0,101.1,,National sources,2015,All Items Excluding Food and Energy,,,,,,,,,,,,,,,,,,,,,,,,,,,,,,,,,,,,,,,,,,,,,,,,,,,,,,,,,,,,,,,,,,,,,,,,,,,,,,,,,,,,,,,,,,,,,,,,,,,,,,,,,,,,,,,,,,,,,,,,,,,,,,,,,,,,,,,,,,,,,,,,,,,,,,,,,,,,,,,,,,,,,,,,,,,,,,,,,,,,,,,,,,,,,,,,,,,,,,,,,,,,,,,,,,,,,,,,,,,,,,,,,,,,,,,,,,,,,,,,,,,,,,,,,,,,,,,,,,,,,,,,,,,,,,,,,,,,,,,,,,,,,,,,,,,,,,,,,,,,,,,,,,,,,,,,,,,,,,,,,,,,,,,,,,,,,,,,,,,,,,,,,,,,,,,,,
TTO,369,Trinidad and Tobago,index,Official Core Consumer Price Index,,,,,,,,,,,,,,,,,,,,,,,,,,,,,,,,,,,,,,,,,,,,,,,,,,,,,,,,,,,,,,,,,,,,,,,,,,,,,,,,,,,,,56.8,56.7,56.9,57.0,58.4,59.5,59.6,59.4,59.5,59.8,61.0,62.5,63.0,63.2,63.5,63.8,63.9,64.7,64.8,64.7,64.9,65.0,65.2,65.6,65.8,65.9,66.0,66.3,66.6,66.9,67.6,67.7,67.8,67.8,67.8,68.1,68.3,68.5,69.0,69.1,69.3,69.4,69.5,69.6,70.0,70.0,69.7,69.8,69.9,70.0,70.1,70.5,70.7,71.1,71.6,71.9,72.5,72.9,73.3,73.8,74.5,75.3,76.1,77.3,77.7,78.6,79.7,80.3,82.2,83.0,84.6,86.1,86.4,87.4,87.8,88.0,90.0,91.2,91.5,92.1,92.5,92.4,92.7,93.4,94.1,94.5,95.3,96.3,96.2,96.7,98.2,98.2,98.8,99.1,99.5,99.6,100.2,100.9,101.2,102.0,102.3,103.1,103.5,104.2,104.9,104.9,104.8,105.3,105.3,105.7,106.3,106.6,107.0,107.1,107.4,107.2,107.2,107.2,107.4,107.2,107.7,108.5,109.1,110.3,111.2,112.9,114.4,117.6,,,National sources,JAn-2015,All Items Excluding Food and Energy,,,,,,,,,,,,,,,,,,,,,,,,,,,,,,,,,,,,,,,,,,,,,,,,,,,,,,,,,,,,,,,,,,,,,,,,,,,,,,,,,,,,,,,,,,,,,,,,,,,,,,,,,,,,,,,,,,,,,,,,,,,,,,,,,,,,,,,,,,,,,,,,,,,,,,,,,,,,,,,,,,,,,,,,,,,,,,,,,,,,,,,,,,,,,,,,,,,,,,,,,,,,,,,,,,,,,,,,,,,,,,,,,,,,,,,,,,,,,,,,,,,,,,,,,,,,,,,,,,,,,,,,,,,,,,,,,,,,,,,,,,,,,,,,,,,,,,,,,,,,,,,,,,,,,,,,,,,,,,,,,,,,,,,,,,,,,,,,,,,,,,,,,,,,,,,,,
TUR,186,Turkey,index,Official Core Consumer Price Index,,,,,,,,,,,,,,,,,,,,,,,,,,,,,,,,,,,,,,,,,,,,,,,,,,,,,,,,,,,,,,,,,,,,,,,,,,,,,,,,,,,,,,,,,,,,,,,,,,0.5,0.5,0.6,0.7,0.8,1.0,1.1,1.3,1.5,1.7,2.0,2.3,2.7,3.2,3.9,4.6,5.3,6.0,7.0,7.9,9.0,10.3,12.1,13.7,14.8,16.0,17.5,19.0,22.1,24.7,27.9,30.2,32.2,34.5,37.1,38.8,40.1,41.6,42.9,43.5,44.5,45.3,47.0,47.3,48.3,49.2,50.8,51.1,52.9,54.0,55.6,55.7,57.6,57.4,59.0,59.1,61.7,61.9,63.3,63.1,64.2,65.4,67.2,68.3,70.0,69.8,70.6,70.9,73.2,74.0,77.2,77.6,79.9,80.0,81.5,82.7,84.8,85.7,87.5,89.1,92.4,93.5,95.1,96.0,99.4,100.8,103.9,105.5,108.6,110.3,113.0,116.1,120.1,121.9,126.4,128.6,134.8,143.4,151.6,150.2,155.5,162.6,167.7,168.9,174.6,181.6,189.7,195.5,203.6,210.0,230.3,281.9,318.4,351.0,380.1,426.9,,OECDstat,2015,All Items Excluding Food and Energy,,,,,,,,,,,,,,,,,,,,,,,,,,,,,,,,,,,,,,,,,,,,,,,,,,,,,,,,,,,,,,,,,,,,,,,,,,,,,,,,,,,,,,,,,,,,,,,,,,,,,,,,,,,,,,,,,,,,,,,,,,,,,,,,,,,,,,,,,,,,,,,,,,,,,,,,,,,,,,,,,,,,,,,,,,,,,,,,,,,,,,,,,,,,,,,,,,,,,,,,,,,,,,,,,,,,,,,,,,,,,,,,,,,,,,,,,,,,,,,,,,,,,,,,,,,,,,,,,,,,,,,,,,,,,,,,,,,,,,,,,,,,,,,,,,,,,,,,,,,,,,,,,,,,,,,,,,,,,,,,,,,,,,,,,,,,,,,,,,,,,,,,,,,,,,,,,
TWN,528,"Taiwan, China",index,Official Core Consumer Price Index,,,,,,,,,,,,,,,,,,,,,,,,,,,,,,,,,,,,,,,,,,,,,57.9,58.4,58.9,59.3,59.7,59.8,60.0,60.4,61.0,61.1,61.2,61.3,61.6,62.0,62.5,62.7,62.9,62.9,63.1,63.3,63.5,63.5,63.4,63.4,63.6,63.6,63.8,64.4,64.8,64.9,65.6,66.0,67.0,67.7,68.2,68.9,69.7,70.3,71.3,72.8,73.7,74.2,74.8,75.5,76.2,76.8,77.3,77.7,78.3,79.1,79.7,80.5,81.3,82.0,82.6,82.9,83.6,84.9,85.4,86.1,86.9,87.3,87.7,88.0,88.2,88.6,89.0,89.2,89.3,89.3,89.4,89.8,90.0,90.0,90.2,90.4,90.7,90.9,91.2,91.6,91.7,91.4,91.3,91.1,91.5,91.4,91.3,91.3,90.9,90.8,90.6,90.7,90.9,91.2,91.1,91.0,91.1,91.1,91.3,91.3,91.3,91.7,91.7,91.8,92.2,92.5,92.7,93.0,93.3,93.7,94.1,94.0,93.4,93.2,93.2,93.3,93.6,93.6,93.8,93.9,94.2,94.4,94.5,94.7,94.6,95.0,95.1,95.5,95.6,95.3,95.4,95.3,95.5,95.8,95.9,95.8,95.9,96.0,96.2,96.3,96.4,96.5,96.8,96.9,96.9,97.2,97.3,97.9,98.2,98.2,98.4,98.1,98.3,98.5,98.7,98.6,98.6,98.4,98.8,99.2,99.5,99.8,100.1,100.6,101.1,101.6,102.0,102.5,103.1,,National sources,2021,All Items Excluding Food and Energy,,,,,,,,,,,,,,,,,,,,,,,,,,,,,,,,,,,,,,,,,,,,,,,,,,,,,,,,,,,,,,,,,,,,,,,,,,,,,,,,,,,,,,,,,,,,,,,,,,,,,,,,,,,,,,,,,,,,,,,,,,,,,,,,,,,,,,,,,,,,,,,,,,,,,,,,,,,,,,,,,,,,,,,,,,,,,,,,,,,,,,,,,,,,,,,,,,,,,,,,,,,,,,,,,,,,,,,,,,,,,,,,,,,,,,,,,,,,,,,,,,,,,,,,,,,,,,,,,,,,,,,,,,,,,,,,,,,,,,,,,,,,,,,,,,,,,,,,,,,,,,,,,,,,,,,,,,,,,,,,,,,,,,,,,,,,,,,,,,,,,,,,,,,,,,,,,
UGA,746,Uganda,index,Official Core Consumer Price Index,,,,,,,,,,,,,,,,,,,,,,,,,,,,,,,,,,,,,,,,,,,,,,,,,,,,,,,,,,,,,,,,,,,,,,,,,,,,,,,,,,,,,,,,,,,,,,,,,,,,,,,,,,,,,,,,,,,,,,,,,,,,,,,,,,,,,,,,,,,,,,,41.7,41.9,42.4,43.2,44.1,45.0,45.6,46.0,46.6,48.0,49.3,51.3,52.8,54.1,55.9,57.3,58.3,58.9,59.6,60.3,60.8,60.9,63.4,67.0,73.6,79.2,80.0,81.3,81.3,82.4,84.8,85.9,86.9,87.8,88.2,88.6,89.2,90.0,90.8,91.9,93.6,94.7,96.2,97.6,98.2,99.8,101.3,102.4,102.6,103.5,103.9,104.4,105.8,106.4,107.2,107.4,107.8,108.3,109.5,110.7,111.8,112.6,113.3,113.9,114.3,115.4,116.7,119.6,122.6,125.4,126.2,,National sources,Jul.16-Jun.17,All Items Excluding Food and Energy,,,,,,,,,,,,,,,,,,,,,,,,,,,,,,,,,,,,,,,,,,,,,,,,,,,,,,,,,,,,,,,,,,,,,,,,,,,,,,,,,,,,,,,,,,,,,,,,,,,,,,,,,,,,,,,,,,,,,,,,,,,,,,,,,,,,,,,,,,,,,,,,,,,,,,,,,,,,,,,,,,,,,,,,,,,,,,,,,,,,,,,,,,,,,,,,,,,,,,,,,,,,,,,,,,,,,,,,,,,,,,,,,,,,,,,,,,,,,,,,,,,,,,,,,,,,,,,,,,,,,,,,,,,,,,,,,,,,,,,,,,,,,,,,,,,,,,,,,,,,,,,,,,,,,,,,,,,,,,,,,,,,,,,,,,,,,,,,,,,,,,,,,,,,,,,,,
UKR,926,Ukraine,index,Official Core Consumer Price Index,,,,,,,,,,,,,,,,,,,,,,,,,,,,,,,,,,,,,,,,,,,,,,,,,,,,,,,,,,,,,,,,,,,,,,,,,,,,,,,,,,,,,,,,,,,,,,,,,,,,,,,,,,,,,,,,,,,,,,,,,,,,,,,,,,,,,,,,,,,,,,,,,,,,,,,,,71.3,75.9,79.1,82.2,87.8,91.3,93.7,95.6,97.5,98.8,100.5,103.1,104.6,106.5,109.0,110.7,111.0,110.7,111.5,111.9,111.8,110.6,111.7,112.2,112.6,118.3,124.9,134.5,151.6,172.8,178.8,184.8,187.0,188.8,192.0,195.9,198.8,201.4,206.8,212.6,217.8,220.5,224.8,230.9,235.2,237.2,240.4,241.9,242.9,244.6,247.6,251.2,256.5,261.2,265.4,270.8,279.3,297.8,315.0,330.6,340.6,,National sources,2010,All Items Excluding Food and Energy,,,,,,,,,,,,,,,,,,,,,,,,,,,,,,,,,,,,,,,,,,,,,,,,,,,,,,,,,,,,,,,,,,,,,,,,,,,,,,,,,,,,,,,,,,,,,,,,,,,,,,,,,,,,,,,,,,,,,,,,,,,,,,,,,,,,,,,,,,,,,,,,,,,,,,,,,,,,,,,,,,,,,,,,,,,,,,,,,,,,,,,,,,,,,,,,,,,,,,,,,,,,,,,,,,,,,,,,,,,,,,,,,,,,,,,,,,,,,,,,,,,,,,,,,,,,,,,,,,,,,,,,,,,,,,,,,,,,,,,,,,,,,,,,,,,,,,,,,,,,,,,,,,,,,,,,,,,,,,,,,,,,,,,,,,,,,,,,,,,,,,,,,,,,,,,,,
USA,111,United States,index,Official Core Consumer Price Index,16.4,16.7,17.0,17.3,17.4,17.6,17.7,17.9,18.0,18.1,18.3,18.4,18.5,18.7,18.9,19.2,19.5,20.0,20.7,21.3,21.7,22.1,22.4,22.8,23.1,23.5,23.9,24.3,24.6,25.0,25.4,25.8,26.1,26.7,27.3,27.9,28.5,29.2,30.0,30.9,32.0,33.1,33.6,34.7,35.4,36.2,37.5,38.3,38.6,39.4,40.1,40.2,40.4,40.8,41.3,42.0,42.4,42.9,43.4,44.0,44.3,44.8,45.2,45.8,46.2,46.6,47.0,47.6,48.0,48.5,49.0,49.7,50.1,50.7,51.2,51.9,52.4,52.9,53.4,54.2,54.9,55.5,56.3,57.0,57.9,58.3,58.9,59.5,60.1,60.6,61.0,61.6,62.2,62.6,63.0,63.5,64.0,64.4,64.8,65.2,65.9,66.4,66.7,67.2,67.8,68.2,68.5,69.0,69.5,69.9,70.1,70.5,71.0,71.4,71.7,72.1,72.5,72.9,73.2,73.6,74.1,74.7,75.0,75.5,76.1,76.6,77.0,77.5,78.0,78.5,78.8,79.1,79.4,79.7,79.8,80.1,80.5,81.1,81.3,81.7,82.4,82.9,83.0,83.5,84.1,84.9,85.3,85.7,86.3,86.8,87.2,87.7,88.3,88.9,89.4,89.4,89.9,90.5,90.7,91.0,91.1,91.3,91.5,91.6,92.0,92.7,93.2,93.6,94.1,94.8,95.1,95.4,95.9,96.4,96.7,97.1,97.5,98.2,98.4,98.7,99.1,99.9,100.2,100.7,101.4,102.1,102.5,102.9,103.5,104.0,104.2,104.7,105.5,106.3,106.5,107.0,107.8,108.4,109.0,109.4,110.2,109.8,110.8,111.2,111.8,113.9,115.4,116.7,118.8,120.8,122.6,123.7,125.4,,OECDstat,2015,All Items Excluding Food and Energy,,,,,,,,,,,,,,,,,,,,,,,,,,,,,,,,,,,,,,,,,,,,,,,,,,,,,,,,,,,,,,,,,,,,,,,,,,,,,,,,,,,,,,,,,,,,,,,,,,,,,,,,,,,,,,,,,,,,,,,,,,,,,,,,,,,,,,,,,,,,,,,,,,,,,,,,,,,,,,,,,,,,,,,,,,,,,,,,,,,,,,,,,,,,,,,,,,,,,,,,,,,,,,,,,,,,,,,,,,,,,,,,,,,,,,,,,,,,,,,,,,,,,,,,,,,,,,,,,,,,,,,,,,,,,,,,,,,,,,,,,,,,,,,,,,,,,,,,,,,,,,,,,,,,,,,,,,,,,,,,,,,,,,,,,,,,,,,,,,,,,,,,,,,,,,,,,
ZAF,199,South Africa,index,Official Core Consumer Price Index,,,,,,,,,,,,,,,,,,,,,,,,,,,,,,,,,,,,,,,,,,,,,,,,,,,,,,,,,,,,,,,,,,,,,,,,,,,,,,,,,,,,,,,,,,,,,,,,,,,,,,,,,,,,,,,,,,,,,,,,,,,,,,,,,55.2,56.9,58.5,60.3,61.2,61.6,61.0,59.5,59.6,59.8,60.0,60.2,60.7,60.8,61.0,61.0,61.4,61.8,62.7,63.5,64.2,64.9,66.1,67.1,68.8,70.0,71.4,72.4,74.2,75.7,76.7,77.1,78.1,78.9,79.3,79.6,80.3,81.5,82.3,82.7,83.9,85.2,86.1,86.7,88.3,89.6,90.6,91.3,92.9,94.6,95.7,96.5,98.2,99.8,100.7,101.4,103.5,105.2,106.3,107.0,108.7,110.0,111.0,111.6,113.1,114.7,115.6,116.3,118.1,119.4,120.4,120.8,122.4,123.1,124.3,124.9,125.8,127.0,128.3,129.1,130.4,132.4,134.6,136.0,137.6,,OECDstat,2015,All Items Excluding Food and Energy,,,,,,,,,,,,,,,,,,,,,,,,,,,,,,,,,,,,,,,,,,,,,,,,,,,,,,,,,,,,,,,,,,,,,,,,,,,,,,,,,,,,,,,,,,,,,,,,,,,,,,,,,,,,,,,,,,,,,,,,,,,,,,,,,,,,,,,,,,,,,,,,,,,,,,,,,,,,,,,,,,,,,,,,,,,,,,,,,,,,,,,,,,,,,,,,,,,,,,,,,,,,,,,,,,,,,,,,,,,,,,,,,,,,,,,,,,,,,,,,,,,,,,,,,,,,,,,,,,,,,,,,,,,,,,,,,,,,,,,,,,,,,,,,,,,,,,,,,,,,,,,,,,,,,,,,,,,,,,,,,,,,,,,,,,,,,,,,,,,,,,,,,,,,,,,,,
,,,,,,,,,,,,,,,,,,,,,,,,,,,,,,,,,,,,,,,,,,,,,,,,,,,,,,,,,,,,,,,,,,,,,,,,,,,,,,,,,,,,,,,,,,,,,,,,,,,,,,,,,,,,,,,,,,,,,,,,,,,,,,,,,,,,,,,,,,,,,,,,,,,,,,,,,,,,,,,,,,,,,,,,,,,,,,,,,,,,,,,,,,,,,,,,,,,,,,,,,,,,,,,,,,,,,,,,,,,,,,,,,,,,,,,,,,,,,,,,,,,,,,,,,,,,,,,,,,,,,,,,,,,,,,,,,,,,,,,,,,,,,,,,,,,,,,,,,,,,,,,,,,,,,,,,,,,,,,,,,,,,,,,,,,,,,,,,,,,,,,,,,,,,,,,,,,,,,,,,,,,,,,,,,,,,,,,,,,,,,,,,,,,,,,,,,,,,,,,,,,,,,,,,,,,,,,,,,,,,,,,,,,,,,,,,,,,,,,,,,,,,,,,,,,,,,,,,,,,,,,,,,,,,,,,,,,,,,,,,,,,,,,,,,,,,,,,,,,,,,,,,,,,,,,,,,,,,,,,,,,,,,,,,,,,,,,,,,,,,,,,,,,,,,,,,,,,,,,,,,,,,,,,,,,,,,,
"Note: ""National sources"" incldues the data from central banks, statitiscal offices, or other country-specific institutions.",,,,,,,,,,,,,,,,,,,,,,,,,,,,,,,,,,,,,,,,,,,,,,,,,,,,,,,,,,,,,,,,,,,,,,,,,,,,,,,,,,,,,,,,,,,,,,,,,,,,,,,,,,,,,,,,,,,,,,,,,,,,,,,,,,,,,,,,,,,,,,,,,,,,,,,,,,,,,,,,,,,,,,,,,,,,,,,,,,,,,,,,,,,,,,,,,,,,,,,,,,,,,,,,,,,,,,,,,,,,,,,,,,,,,,,,,,,,,,,,,,,,,,,,,,,,,,,,,,,,,,,,,,,,,,,,,,,,,,,,,,,,,,,,,,,,,,,,,,,,,,,,,,,,,,,,,,,,,,,,,,,,,,,,,,,,,,,,,,,,,,,,,,,,,,,,,,,,,,,,,,,,,,,,,,,,,,,,,,,,,,,,,,,,,,,,,,,,,,,,,,,,,,,,,,,,,,,,,,,,,,,,,,,,,,,,,,,,,,,,,,,,,,,,,,,,,,,,,,,,,,,,,,,,,,,,,,,,,,,,,,,,,,,,,,,,,,,,,,,,,,,,,,,,,,,,,,,,,,,,,,,,,,,,,,,,,,,,,,,,,,,,,,,,,,,,,,,,,,,,,,,,,,,,,,,,,,
