Country Code,IMF Country Code,Country,Indicator Type,Series Name,1970,1971,1972,1973,1974,1975,1976,1977,1978,1979,1980,1981,1982,1983,1984,1985,1986,1987,1988,1989,1990,1991,1992,1993,1994,1995,1996,1997,1998,1999,2000,2001,2002,2003,2004,2005,2006,2007,2008,2009,2010,2011,2012,2013,2014,2015,2016,2017,2018,2019,2020,2021,2022,,Note,,,,
ABW,314,Aruba,Inflation,Energy Consumer Price Inflation,,,,,,,,,,,,,,,,,,,,,,,,,,,,,,,,,3.9,5.5,2.1,6.7,7.4,5.5,13.8,-8.2,9.4,7.2,0.8,-7.5,1.6,3.8,-2.5,-3.2,0.8,1.2,-1.3,1.3,5.4,,,,,,
AFG,512,Afghanistan,Inflation,Energy Consumer Price Inflation,,,,,,,,,,,,21.7,14.3,2.1,27.1,3.9,-2.7,12.7,27.0,147.0,66.1,,,,,,,,,,,,,,,,10.5,3.3,8.4,2.5,8.6,12.4,11.8,8.8,-7.8,-4.3,2.1,4.4,1.5,-2.5,,,,,,,,,
ALB,914,Albania,Inflation,Energy Consumer Price Inflation,,,,,,,,,,,,,,,,,,,,,,,,,,24.5,10.8,25.1,27.8,4.7,15.4,6.8,11.9,4.5,27.2,25.0,5.7,7.1,3.9,1.8,3.6,2.8,0.9,0.2,1.3,-0.5,0.0,1.0,2.8,0.7,1.4,2.7,14.2,,,,,,
ARE,466,United Arab Emirates,Inflation,Energy Consumer Price Inflation,,,,,,,,,,,,,,,,,,,,,,,,,,,,,,,,,,,,,,,7.2,0.4,-0.3,-2.4,-2.6,0.3,3.1,8.8,3.6,0.9,-3.1,-5.2,-3.7,-3.6,-0.3,,,,,,
ARG,213,Argentina,Inflation,Energy Consumer Price Inflation,,25.9,6.7,39.9,9.4,24.5,510.7,,164.5,148.9,121.4,147.4,109.5,346.7,377.1,1125.8,68.9,127.3,376.9,1644.7,2861.9,178.0,24.4,18.9,-4.1,6.8,3.6,1.0,-0.1,0.2,0.0,-1.3,4.4,9.5,0.8,4.2,-2.3,,,,,,,,,,,,52.8,49.3,19.9,26.2,51.4,,,,,,
ARM,911,Armenia,Inflation,Energy Consumer Price Inflation,,,,,,,,,,,,,,,,,,,,,,,,,,254.2,11.2,25.2,10.0,18.7,1.0,-0.2,0.1,2.2,1.6,2.1,1.5,-1.2,7.5,,,,,,1.9,39.0,-23.9,-4.6,0.2,0.5,0.9,1.3,6.3,,,,,,
AUS,193,Australia,Inflation,Energy Consumer Price Inflation,-0.2,2.5,3.6,2.8,15.2,19.1,16.1,11.4,7.4,6.7,8.7,10.6,11.5,8.2,7.5,7.8,8.1,7.3,9.3,14.3,10.5,-1.2,-6.1,-1.2,0.7,10.1,0.5,-8.2,-2.3,3.3,6.8,4.8,3.3,4.3,4.0,3.8,3.3,4.1,6.2,5.4,5.5,4.4,3.9,4.7,3.0,2.5,1.7,2.9,2.3,-1.2,-0.1,10.9,15.5,,,,,,
AUT,122,Austria,Inflation,Energy Consumer Price Inflation,6.8,6.7,4.0,5.9,15.4,15.4,5.8,2.9,2.4,6.7,19.7,19.7,7.4,-1.4,7.5,4.0,-7.2,-5.3,-2.2,-0.9,2.8,2.0,0.3,0.7,0.3,1.0,5.3,3.2,1.6,1.3,3.1,3.1,0.9,1.3,3.6,5.4,4.3,4.6,2.7,1.8,2.6,3.3,3.2,2.4,1.6,1.2,0.8,1.7,2.3,0.9,2.4,12.3,39.1,,,,,,
AZE,912,Azerbaijan,Inflation,Energy Consumer Price Inflation,,,,,,,,,,,,,,,,,,,,,,,24.8,312.7,1059.1,1076.3,422.6,214.4,28.6,1.0,4.6,-0.1,0.0,0.0,9.7,74.5,13.9,99.6,0.3,16.0,,,,,0.5,-1.6,7.3,19.6,4.4,-0.1,1.5,15.7,14.0,,,,,,
BDI,618,Burundi,Inflation,Energy Consumer Price Inflation,,,,,,,,,,,,,,,,,,,,,,,,,,,,,,8.4,16.2,32.2,3.4,3.9,4.0,10.3,8.1,10.8,15.9,11.8,9.8,6.1,31.8,6.4,7.0,3.7,1.0,7.4,10.8,7.4,5.1,7.8,10.0,,,,,,
BEL,124,Belgium,Inflation,Energy Consumer Price Inflation,4.9,4.9,1.8,2.3,30.0,15.5,4.3,4.5,7.2,6.0,7.6,10.2,8.1,9.0,7.3,4.9,3.7,4.3,3.6,3.7,3.2,3.0,5.9,5.3,4.5,2.9,2.5,1.7,1.2,1.7,5.6,2.8,0.6,1.1,3.1,5.3,4.7,1.5,11.6,-3.9,3.4,8.1,3.7,-0.6,-1.4,0.4,2.1,3.7,3.0,0.9,-1.8,12.3,53.0,,,,,,
BEN,638,Benin,Inflation,Energy Consumer Price Inflation,,,,,,,,,,,,,,,,,,,,,,,,,,,,3.8,4.6,-0.9,7.2,3.8,3.3,5.2,1.5,7.6,7.0,-0.4,4.9,2.7,2.2,2.1,1.6,-0.5,1.0,-0.1,-0.8,1.1,3.0,-1.4,2.9,-1.9,2.3,,,,,,
BFA,748,Burkina Faso,Inflation,Energy Consumer Price Inflation,0.0,0.0,0.0,0.0,0.0,4.4,8.5,9.0,0.0,55.0,24.7,2.7,,-0.2,-6.0,11.8,2.6,-12.8,2.1,3.2,-1.7,-0.1,1.2,-7.6,9.4,6.8,0.3,5.5,0.2,2.2,0.7,-0.8,5.8,4.9,0.8,0.2,4.7,-1.3,12.1,10.7,3.0,3.8,4.1,2.8,2.8,3.1,0.7,-0.3,-0.7,1.4,-1.5,2.0,3.4,,,,,,
BGD,513,Bangladesh,Inflation,Energy Consumer Price Inflation,61.0,8.4,46.0,33.6,43.5,18.7,8.0,3.0,2.1,20.9,22.3,38.0,22.1,10.3,3.1,10.3,2.7,1.7,9.1,6.5,20.8,31.0,2.7,1.6,-0.7,-3.6,3.8,1.7,,,,,,,,,,,3.5,3.2,4.6,3.8,11.2,5.1,6.2,3.3,9.2,4.2,2.0,5.1,6.7,1.1,4.8,,,,,,
BGR,918,Bulgaria,Inflation,Energy Consumer Price Inflation,,,,,,,,,,,,,,,,,,,,,,492.7,65.6,57.0,70.9,52.9,172.0,1033.5,35.6,27.5,13.7,7.5,14.8,11.6,7.7,5.5,4.6,6.0,12.0,6.5,0.5,2.2,7.4,-0.6,-2.0,3.4,0.0,3.2,4.6,3.9,1.0,10.6,19.6,,,,,,
BHR,419,Bahrain,Inflation,Energy Consumer Price Inflation,,,,,,,,,,,,,,,,,0.2,-0.2,0.0,0.1,0.0,0.0,-6.1,-6.4,0.0,0.0,0.0,,0.0,0.0,0.0,-27.4,0.0,-0.3,0.1,-0.1,0.1,2.2,2.2,2.2,-1.2,-12.4,-3.3,8.7,4.9,4.6,3.0,3.5,1.2,2.9,-2.6,-1.3,-0.9,,,,,,
BHS,313,"Bahamas, The",Inflation,Energy Consumer Price Inflation,,,,,,,,,,,,,,,,,,,,,,,,,,,,,,,,,,,,,,,,,,,,-0.5,0.0,-1.3,-1.1,3.7,2.4,0.9,-0.7,3.0,3.3,,,,,,
BIH,963,Bosnia and Herzegovina,Inflation,Energy Consumer Price Inflation,,,,,,,,,,,,,,,,,,,,,,,,,,,,,,,,,,,,9.7,13.0,2.4,8.3,4.8,2.5,3.1,2.9,0.8,-0.3,1.1,0.3,1.7,2.7,2.3,-0.4,1.3,14.0,,,,,,
BLR,913,Belarus,Inflation,Energy Consumer Price Inflation,,,,,,,,,,,,,,,,,,,,,,,643.5,1783.3,2323.2,1669.8,39.0,67.8,42.0,60.6,422.7,169.2,132.2,119.9,18.1,1.4,10.0,10.5,41.3,,,,,,23.0,-1.6,4.6,8.5,12.5,10.2,8.0,10.2,12.7,,,,,,
BLZ,339,Belize,Inflation,Energy Consumer Price Inflation,,,,,,,,,,,,,,,,,,,,,,0.5,-4.9,1.0,-1.4,1.3,1.7,0.6,-0.5,1.0,3.6,2.1,-1.1,3.7,5.2,4.2,4.9,1.4,3.6,-3.9,3.0,3.0,3.0,0.4,1.6,-0.1,0.6,0.8,0.8,0.2,0.6,1.8,2.9,,,,,,
BOL,218,Bolivia,Inflation,Energy Consumer Price Inflation,0.0,0.0,1.9,7.9,14.9,31.8,7.4,10.0,0.0,3.5,73.9,91.9,86.9,230.3,1312.6,21271.6,317.7,18.8,33.4,29.3,18.3,35.5,6.4,12.6,9.4,7.9,16.0,6.9,8.5,9.3,13.8,4.4,4.4,4.9,4.0,3.6,2.6,3.8,5.4,2.5,2.6,5.5,5.0,4.4,5.8,5.0,3.7,4.8,2.6,0.5,-0.2,0.2,0.7,,,,,,
BRA,223,Brazil,Inflation,Energy Consumer Price Inflation,26.0,25.8,27.4,13.5,32.6,31.8,31.4,35.6,,,,,,,,,,,,,,,,,,,,,,3.2,2.4,7.7,12.0,13.4,8.6,6.5,4.6,2.1,3.3,5.9,4.9,6.3,6.8,3.4,7.8,16.8,7.2,4.2,5.8,4.8,2.3,9.6,48.7,,,,,,
BRB,316,Barbados,Inflation,Energy Consumer Price Inflation,,,,,,,,,,,,6.9,2.6,7.7,2.5,-1.1,-6.0,0.5,-1.8,3.8,4.2,0.2,2.7,3.1,-2.2,,-0.3,8.9,-2.7,-2.7,,,,3.8,-4.8,7.5,15.4,-3.1,8.0,-6.0,25.4,,,,1.3,-8.7,-6.0,3.4,6.0,1.8,-1.9,5.6,8.6,,,,,,
BRN,516,Brunei Darussalam,Inflation,Energy Consumer Price Inflation,,,,,,,,,,,,,,,,,,,,,,,,,,,,,,,,,,,,,,,,,,,,-0.1,-0.7,2.1,-4.1,-0.3,-0.5,-3.0,-0.3,-0.2,2.0,,,,,,
BTN,514,Bhutan,Inflation,Energy Consumer Price Inflation,,,,,,,,,,,,,,,,,19.4,5.6,9.4,6.3,31.9,0.5,0.0,2.5,1.5,4.2,4.7,8.3,11.0,8.0,23.7,8.1,,,,,,,,,,,,6.8,9.3,6.4,4.4,5.0,1.4,2.5,2.3,6.3,5.1,,,,,,
BWA,616,Botswana,Inflation,Energy Consumer Price Inflation,,,,,16.6,21.0,,12.5,7.2,17.1,10.7,11.3,,,,,,,,,,,,7.0,6.2,2.8,2.3,7.9,-0.1,6.1,22.1,8.5,6.1,2.6,6.1,17.5,4.9,4.7,13.5,-1.5,12.7,8.5,7.7,4.3,3.9,7.1,8.4,9.5,4.0,2.1,5.1,6.4,8.0,,,,,,
CAF,626,Central African Republic,Inflation,Energy Consumer Price Inflation,4.0,7.7,5.3,0.0,7.1,22.5,5.6,3.4,4.3,7.2,5.3,13.4,-8.7,26.1,2.9,27.3,25.9,-9.5,-10.7,0.3,-6.8,-1.5,-3.4,-0.4,8.5,2.7,1.2,5.1,7.6,-0.9,6.1,2.2,1.9,-0.8,-4.4,-2.0,8.2,0.0,6.3,,,,,,-0.4,-6.9,-3.0,,,,,3.1,,,,,,,
CAN,156,Canada,Inflation,Energy Consumer Price Inflation,3.4,5.8,3.8,9.9,13.5,13.2,18.2,15.0,12.4,9.2,12.8,24.3,18.1,9.5,5.4,5.4,-2.2,0.4,2.6,1.4,5.3,11.7,4.7,4.0,2.3,-1.0,1.7,2.9,0.4,2.7,10.3,8.9,-2.6,9.0,3.2,6.5,5.1,2.3,7.0,-7.1,6.6,12.3,1.7,1.5,3.5,-9.6,1.4,1.6,6.7,-2.2,1.5,18.8,22.8,,,,,,
CHE,146,Switzerland,Inflation,Energy Consumer Price Inflation,10.6,9.3,-1.6,16.9,21.6,0.5,3.2,-0.2,-5.7,35.3,6.4,9.6,1.3,-3.7,2.8,3.5,-1.9,1.4,1.7,4.6,8.4,8.9,5.7,4.6,0.2,1.7,1.8,0.8,-0.7,1.0,3.6,2.2,0.1,0.4,1.6,3.0,2.8,2.1,4.9,-1.1,2.4,2.4,0.8,0.1,1.0,-0.6,-0.1,1.2,1.3,-0.6,-0.2,8.6,22.4,,,,,,
CHL,228,Chile,Inflation,Energy Consumer Price Inflation,,,,,,,,,,,,,,,,,,,,,,,,,,,,,,4.3,7.6,5.8,2.8,5.3,3.2,3.7,4.7,7.1,14.4,0.8,1.2,6.8,0.3,2.6,6.3,5.2,5.5,3.6,4.3,2.2,2.9,9.0,20.9,,,,,,
CHN,924,China,Inflation,Energy Consumer Price Inflation,,,,,,-0.1,-0.1,0.1,0.1,0.2,0.2,0.6,0.8,1.0,2.2,4.0,3.9,3.6,16.1,27.4,7.1,15.6,21.7,16.9,,,,,,,,2.5,0.0,2.2,5.0,5.4,4.7,4.4,5.6,-3.5,4.3,5.5,2.1,2.9,2.1,0.7,1.3,2.6,2.3,1.3,-1.6,1.9,2.1,,,,,,
CIV,662,Côte d'Ivoire,Inflation,Energy Consumer Price Inflation,16.4,4.4,4.5,6.5,19.7,12.8,17.0,15.7,19.4,10.4,14.4,2.7,,,8.7,3.4,10.1,4.5,-5.1,-1.1,0.0,0.0,-0.2,0.7,0.7,0.7,0.7,0.7,1.1,4.0,1.6,3.5,3.8,6.5,1.6,8.5,1.7,-0.5,4.5,-1.1,2.4,1.9,2.0,2.1,1.7,1.5,0.2,1.3,2.1,0.0,2.9,4.0,5.7,,,,,,
CMR,622,Cameroon,Inflation,Energy Consumer Price Inflation,,,,,,,,,,,,,,,,,,,,,,,,,17.5,9.3,-0.4,-0.3,4.0,2.9,1.3,1.4,1.2,6.0,2.5,1.9,5.1,0.9,3.5,,,,2.9,2.7,2.0,2.9,1.4,1.2,-2.6,1.7,3.0,1.8,1.9,,,,,,
COD,636,"Congo, Dem. Rep.",Inflation,Energy Consumer Price Inflation,8.4,-5.4,3.0,17.3,33.5,,,,,,,,,,,,,,,,,,,,,,,,,,,,,,,,,,,,,,,0.8,0.4,0.1,3.3,,,,,,,,,,,,
COG,634,"Congo, Rep.",Inflation,Energy Consumer Price Inflation,,,,,,,,,,,,4.3,5.1,2.1,16.6,4.0,7.9,1.5,1.3,-8.9,0.4,4.4,-2.2,10.9,14.2,10.7,30.0,19.9,15.0,6.5,0.5,16.6,-2.2,-6.3,3.3,2.0,13.3,8.2,4.3,7.1,3.2,2.8,1.6,0.8,0.4,0.1,3.3,-0.9,,,1.8,2.3,0.6,,,,,,
COL,233,Colombia,Inflation,Energy Consumer Price Inflation,,,,,,,,,,,,,,,,,,,20.0,24.6,27.4,30.2,25.4,27.3,26.1,23.5,23.1,19.8,16.4,10.8,5.4,4.1,3.9,5.7,5.4,4.3,4.0,4.4,5.8,5.5,3.7,3.5,3.6,2.8,3.2,4.1,5.9,4.5,4.0,5.7,-1.1,5.1,15.0,,,,,,
COM,632,Comoros,Inflation,Energy Consumer Price Inflation,,,,,,,,,,,,,,,,,,,,,,,,,,,,,,,,,,,,,,,,,4.5,2.0,3.7,-0.1,1.1,,,,,,,,,,,,,,
CPV,624,Cabo Verde,Inflation,Energy Consumer Price Inflation,-2.6,0.0,0.9,15.8,46.2,31.6,0.8,,,,,,,,16.0,6.0,5.7,0.0,,,10.1,11.8,0.2,5.1,4.3,-0.4,3.9,7.4,2.5,15.8,0.0,,,,,4.3,12.0,9.4,5.5,0.0,2.7,6.4,5.5,5.0,-0.2,-6.0,-8.3,1.6,2.4,0.3,0.0,1.9,4.5,,,,,,
CRI,238,Costa Rica,Inflation,Energy Consumer Price Inflation,2.6,0.3,2.2,6.7,88.3,20.5,,8.0,1.4,11.8,14.9,36.7,64.7,57.4,1.0,8.0,4.8,9.0,33.4,11.2,22.5,47.4,28.8,18.9,11.2,,11.0,4.0,6.7,12.6,11.2,23.8,8.2,7.2,17.0,11.9,11.4,9.1,13.9,16.6,8.6,4.0,7.1,16.7,2.9,-2.2,1.1,1.2,4.3,-1.0,1.9,7.1,,,,,,,
CUW,354,Curacao,Inflation,Energy Consumer Price Inflation,,,,,,,,,,,,,,,,,,,,,,,,,,,,,,,,,0.6,3.8,3.8,3.0,2.2,3.7,5.6,-1.9,5.8,4.5,2.3,0.8,1.9,-1.6,-0.2,,,,,,,,,,,,
CYP,423,Cyprus,Inflation,Energy Consumer Price Inflation,-1.6,-0.2,0.4,0.7,32.4,11.8,4.6,,6.6,13.7,37.2,31.2,5.1,5.4,13.7,3.5,-28.1,-10.2,-8.9,5.7,12.0,13.3,-8.1,2.3,,7.9,2.5,6.4,-3.5,2.5,23.0,1.9,6.9,12.3,11.3,12.9,8.9,2.0,13.9,-15.7,19.6,18.1,14.1,-0.4,-3.2,-14.8,-9.5,8.4,7.8,-2.0,-9.5,14.3,32.1,,,,,,
CZE,935,Czech Republic,Inflation,Energy Consumer Price Inflation,,,,,,,,,,,,,,,,,,,,,,71.4,27.7,20.8,13.1,10.2,12.4,19.0,30.8,9.2,8.4,9.8,6.0,1.9,3.5,4.2,6.2,3.4,10.3,7.2,1.6,2.8,5.0,1.8,-1.4,1.0,0.6,1.6,3.0,5.1,2.9,1.4,30.9,,,,,,
DEU,134,Germany,Inflation,Energy Consumer Price Inflation,4.3,5.6,4.4,16.4,16.8,10.4,6.9,0.8,2.5,20.9,10.6,16.2,8.0,-0.9,3.4,3.7,-11.5,-9.3,-2.7,5.0,4.3,4.6,8.8,8.2,4.0,3.0,2.5,2.6,1.0,1.3,2.8,2.5,0.9,1.5,1.5,2.8,2.9,1.9,3.4,0.4,1.0,3.1,2.2,2.0,0.8,-0.4,0.0,1.2,1.8,1.3,0.7,10.7,35.0,,,,,,
DJI,611,Djibouti,Inflation,Energy Consumer Price Inflation,1.0,1.0,-0.1,3.9,24.0,8.9,16.9,1.6,11.3,2.5,13.3,27.6,4.4,4.7,,,,,,,,,,,,,,,,,,,,,,,,,,,,,,4.3,3.8,-2.6,-0.5,-0.5,-0.1,2.0,-1.9,,,,,,,,
DMA,321,Dominica,Inflation,Energy Consumer Price Inflation,8.4,1.6,3.3,7.3,35.3,9.4,5.1,5.1,22.3,23.8,54.7,6.9,4.1,-1.2,-2.6,0.4,0.6,2.0,2.1,7.6,2.4,5.6,0.4,1.7,,,,,,,,,3.7,11.4,7.6,12.8,6.9,5.4,10.0,-23.2,-9.7,-0.1,1.0,-2.2,0.7,-3.3,-0.4,1.3,0.5,2.8,-1.7,,,,,,,,
DNK,128,Denmark,Inflation,Energy Consumer Price Inflation,11.4,13.6,0.6,14.3,57.8,6.9,8.0,9.3,10.2,39.2,42.5,29.0,13.2,0.3,-0.2,3.5,3.6,6.1,0.1,7.6,3.5,1.7,-1.1,-0.2,-0.4,-0.2,5.8,3.1,3.0,5.0,10.4,2.8,2.9,2.5,2.4,3.2,2.9,2.1,4.0,2.0,3.7,3.8,2.6,2.0,1.5,0.1,0.8,1.2,1.2,-0.3,0.3,11.5,41.6,,,,,,
DOM,243,Dominican Republic,Inflation,Energy Consumer Price Inflation,-1.0,3.7,7.0,3.5,34.8,4.6,3.5,-0.6,1.3,,,,,,,,,,,,,8.0,14.3,14.1,8.9,17.3,8.5,8.2,5.0,5.5,8.5,6.7,13.0,36.8,25.3,9.8,11.8,3.6,5.4,8.0,10.7,13.8,2.0,2.8,2.9,-4.5,2.0,5.3,3.9,-2.3,2.2,6.5,10.9,,,,,,
DZA,612,Algeria,Inflation,Energy Consumer Price Inflation,,,,,,,,,,,,,,,,,,,,,2.5,31.8,30.4,32.2,7.7,64.9,35.9,27.1,16.8,0.4,6.9,3.7,0.0,4.0,5.5,,4.1,2.1,1.1,2.7,1.9,1.6,4.2,2.7,2.8,1.8,6.0,2.8,1.2,1.4,1.4,1.5,2.4,,,,,,
ECU,248,Ecuador,Inflation,Energy Consumer Price Inflation,1.3,7.6,5.2,0.0,1.0,1.6,2.0,5.1,11.2,4.6,7.6,31.9,22.8,29.2,32.2,9.4,16.7,55.7,26.3,26.6,46.4,28.0,39.7,54.7,11.0,0.3,1.7,60.5,54.1,58.1,31.3,51.3,46.7,28.7,11.4,3.4,4.8,2.3,4.5,2.2,2.5,2.2,2.6,2.2,3.7,5.5,3.5,2.0,1.4,0.8,0.4,0.0,1.6,,,,,,
EGY,469,"Egypt, Arab Rep.",Inflation,Energy Consumer Price Inflation,-0.3,-1.8,-5.0,-5.0,2.1,3.7,5.6,0.4,1.6,1.3,16.3,-4.2,-2.3,5.6,-2.4,21.3,9.4,2.9,9.3,4.8,25.7,50.0,52.6,20.1,7.5,3.2,1.9,4.2,0.0,,7.2,0.6,0.0,0.0,,,,5.6,7.0,5.1,1.9,3.3,6.4,4.6,3.6,7.4,5.1,9.8,14.4,9.6,4.0,,5.9,,,,,,
ESP,184,Spain,Inflation,Energy Consumer Price Inflation,6.2,7.5,6.0,7.5,19.8,17.8,18.6,6.9,6.6,13.8,46.2,32.5,10.7,16.1,10.7,4.8,-6.6,-3.9,-0.6,2.5,8.2,7.6,6.7,5.8,4.8,5.6,3.8,3.4,1.5,2.1,4.4,3.4,2.3,2.9,3.5,5.3,6.5,3.7,6.6,1.3,3.5,7.2,5.1,0.9,1.3,-2.1,-4.2,3.9,2.4,-1.2,-3.5,21.2,29.4,,,,,,
EST,939,Estonia,Inflation,Energy Consumer Price Inflation,,,,,,,,,,,,,,,,,,,,,,72.0,5928.6,114.5,36.8,27.1,20.1,15.2,11.3,8.4,2.7,9.8,8.2,3.0,4.1,7.0,10.4,14.6,15.8,1.0,2.9,5.9,9.0,8.8,-1.4,-1.5,-1.7,2.2,6.3,1.9,-3.7,18.4,64.1,,,,,,
ETH,644,Ethiopia,Inflation,Energy Consumer Price Inflation,1.7,1.3,5.8,1.1,9.9,14.5,14.3,27.0,7.4,14.9,-1.5,15.3,3.6,-7.0,6.7,8.2,7.4,9.7,5.7,15.6,6.3,36.0,-0.2,-1.9,0.8,6.2,1.5,1.5,1.5,1.5,1.5,1.5,1.5,4.6,7.5,12.8,16.5,13.7,22.0,15.0,18.0,20.8,16.7,11.5,11.1,8.7,12.3,12.8,17.0,11.0,20.1,15.9,19.1,,,,,,
FIN,172,Finland,Inflation,Energy Consumer Price Inflation,10.6,16.8,4.3,8.9,46.3,13.7,8.8,10.6,6.8,7.5,23.2,19.3,7.6,4.2,1.1,2.2,-8.6,2.9,-1.3,4.3,9.3,2.8,3.5,11.2,-2.1,0.9,8.1,3.4,-2.5,0.2,9.3,-0.1,1.9,10.7,2.8,5.4,6.5,3.8,17.5,-3.1,10.6,6.3,1.7,0.3,1.2,0.8,0.6,1.3,1.6,3.0,0.2,9.6,30.7,,,,,,
FJI,819,Fiji,Inflation,Energy Consumer Price Inflation,3.1,5.2,3.6,0.5,21.4,14.4,10.8,6.7,8.2,8.9,41.2,18.8,4.8,0.7,1.0,0.7,-9.2,3.7,10.2,-0.1,10.7,11.8,-1.9,3.7,-0.7,0.2,4.7,4.1,3.1,-0.5,4.3,5.6,-2.9,2.7,8.3,14.3,6.6,-0.9,12.2,-5.3,5.2,20.9,1.6,0.8,0.2,-4.5,-5.0,2.0,2.1,-0.2,-1.2,3.0,4.4,,,,,,
FRA,132,France,Inflation,Energy Consumer Price Inflation,4.9,6.6,3.1,3.9,37.2,8.1,10.6,11.7,8.7,15.9,25.9,19.2,15.6,9.4,8.0,8.2,-12.7,-3.1,-1.0,4.8,4.6,4.7,3.3,3.1,2.2,2.1,2.9,1.4,0.6,0.1,1.9,1.1,1.6,2.7,2.8,4.7,4.7,3.0,4.7,-0.1,3.3,4.4,3.4,2.4,1.8,0.4,-0.1,1.6,2.4,1.7,-0.2,10.5,23.7,,,,,,
GAB,646,Gabon,Inflation,Energy Consumer Price Inflation,2.8,2.7,6.7,1.3,3.0,,,,,,,,,,,,,,,,,2.8,-1.1,-2.7,34.0,18.5,-2.2,0.8,-1.6,-0.9,0.8,1.5,1.4,1.3,-2.6,,,,,,0.3,0.5,0.5,2.2,6.8,-10.2,1.5,9.9,4.1,9.9,0.1,0.2,3.0,,,,,,
GBR,112,United Kingdom,Inflation,Energy Consumer Price Inflation,5.7,10.4,7.8,2.8,26.4,33.2,23.7,15.8,7.7,10.1,25.0,21.3,14.0,7.4,2.9,8.6,-2.7,-0.1,2.5,7.3,10.9,8.1,5.7,2.8,3.3,3.2,4.0,3.0,2.3,2.8,2.1,2.6,2.4,1.6,2.1,3.3,4.7,3.4,4.7,2.2,-0.4,2.7,2.7,2.4,2.0,1.2,1.7,2.0,1.9,2.1,0.9,9.1,46.7,,,,,,
GEO,915,Georgia,Inflation,Energy Consumer Price Inflation,,,,,,,,,,,,,,,,,,,,,,,,,,1021.1,21.6,31.4,23.1,55.3,22.2,5.7,8.0,0.6,6.7,2.7,26.5,13.7,10.0,1.7,7.1,2.6,0.8,-0.9,4.2,3.9,3.5,1.6,4.3,1.6,0.8,7.0,17.7,,,,,,
GHA,652,Ghana,Inflation,Energy Consumer Price Inflation,,,,,,,,,,,,,,,,,,,,,,,,,,,,,,19.0,28.2,42.0,27.0,60.8,12.6,24.0,20.0,16.1,17.8,4.6,10.3,10.6,7.9,20.5,47.0,25.5,30.7,7.1,4.3,10.0,16.0,20.0,46.6,,,,,,
GIN,656,Guinea,Inflation,Energy Consumer Price Inflation,,,,,,,,,,,,,,,,,,,17.7,5.4,29.5,29.1,12.3,-0.3,2.9,3.4,7.2,2.8,1.3,5.1,9.0,7.8,8.9,6.6,9.0,25.2,22.5,33.9,15.6,8.9,9.5,9.9,12.7,15.1,7.2,8.4,6.0,3.8,6.7,3.8,6.1,5.9,15.7,,,,,,
GMB,648,"Gambia, The",Inflation,Energy Consumer Price Inflation,,,,,,25.6,27.7,1.7,14.5,7.3,26.8,6.2,24.2,4.7,9.3,17.8,80.5,30.4,21.5,20.5,16.8,8.0,7.6,3.2,33.5,-26.8,-0.5,,,11.9,,,,15.1,22.1,0.8,,,,,,,,,4.7,2.6,3.6,4.7,6.0,5.8,3.0,5.3,5.4,,,,,,
GNB,654,Guinea-Bissau,Inflation,Energy Consumer Price Inflation,,,,,,,,,,,,,,,,,,,,,,,,,,,,,,,,,-13.8,-2.8,1.8,0.1,3.8,5.5,8.9,0.0,1.2,,,,,,23.0,6.0,11.0,,,-0.1,24.5,,,,,,
GNQ,642,Equatorial Guinea,Inflation,Energy Consumer Price Inflation,,,,,,,,,,,,,,,,,,,,,,,,,,,,,,,-0.6,2.4,1.0,1.0,2.8,1.4,0.6,,,,1.2,1.6,3.8,3.9,4.1,3.3,19.8,-0.4,-0.3,0.7,2.1,,2.5,,,,,,
GRC,174,Greece,Inflation,Energy Consumer Price Inflation,,,,,41.6,16.7,7.1,10.8,4.0,25.9,46.4,32.3,13.0,18.7,16.3,18.6,18.9,9.3,3.8,1.9,28.1,28.7,16.3,3.2,6.8,7.1,8.3,-9.5,-3.5,-8.1,6.2,1.7,3.3,4.4,4.8,8.9,6.5,3.1,8.6,-2.7,6.9,8.9,7.9,5.5,-2.3,-6.5,-3.2,2.2,0.1,-0.5,-3.8,12.3,39.7,,,,,,
GRD,328,Grenada,Inflation,Energy Consumer Price Inflation,,,,,,,,,,,,9.3,0.1,-2.4,2.1,2.7,-8.3,-3.8,4.8,3.3,8.9,-4.0,-3.4,0.1,,,,,-6.5,11.0,6.9,6.1,-1.8,3.9,3.8,9.5,6.8,4.0,8.5,-8.2,7.2,2.0,0.5,0.3,0.0,-2.8,-1.2,0.6,1.5,0.0,-1.3,1.2,,,,,,,
GTM,258,Guatemala,Inflation,Energy Consumer Price Inflation,-1.3,1.4,1.6,10.8,53.8,2.9,,,,,,,,,,,,,,,,,,,,,,,,,,1.9,3.6,5.6,8.3,6.6,6.8,4.4,10.6,-2.2,6.6,5.3,0.3,4.2,1.9,-6.3,2.4,2.1,2.4,1.4,-0.1,4.8,4.7,,,,,,
HND,268,Honduras,Inflation,Energy Consumer Price Inflation,1.7,1.2,2.6,3.5,24.6,12.1,2.8,8.3,3.4,18.0,27.6,,,,,,,0.0,0.0,0.0,63.9,21.8,-0.9,11.6,17.5,37.0,37.4,28.2,-2.1,-9.1,8.7,8.7,14.9,12.9,9.9,8.1,6.5,5.9,9.2,6.9,9.0,8.4,5.2,5.3,4.9,2.2,2.1,5.5,4.4,6.6,0.4,3.3,4.8,,,,,,
HRV,960,Croatia,Inflation,Energy Consumer Price Inflation,,,,,,,,,,,,44.2,26.5,33.5,53.3,87.0,86.0,137.5,173.7,1173.1,475.5,110.8,551.3,1812.0,98.2,-1.7,3.1,5.2,2.4,2.7,16.5,10.1,2.2,3.0,5.0,7.0,4.2,0.8,8.0,-2.8,9.9,7.0,10.8,1.8,0.7,-5.9,-5.7,-0.1,5.6,0.9,-6.5,8.8,19.2,,,,,,
HTI,263,Haiti,Inflation,Energy Consumer Price Inflation,,,,,,,,,,,,15.1,16.1,1.9,8.2,7.9,10.3,-0.5,0.7,11.4,,,,,,,,,,,,,,,,,,,,,,,7.3,5.9,5.6,8.5,13.8,20.2,12.5,15.9,18.5,14.4,31.4,,,,,,
HUN,944,Hungary,Inflation,Energy Consumer Price Inflation,-1.8,-0.8,-2.1,-2.0,5.6,7.7,-0.9,-0.7,0.3,8.7,21.5,-0.2,10.0,4.9,4.9,20.9,3.5,6.5,12.8,11.4,27.6,81.0,43.2,20.3,11.7,50.0,32.5,29.9,17.9,9.4,9.1,10.3,5.5,7.3,14.1,6.2,6.4,24.6,9.4,7.6,5.5,4.6,5.8,-5.4,-8.4,-1.2,0.6,1.1,1.8,0.5,1.5,11.2,15.1,,,,,,
IDN,536,Indonesia,Inflation,Energy Consumer Price Inflation,,,,,,,,,,,13.7,10.1,33.2,42.9,33.7,10.5,3.1,1.5,1.9,5.4,4.9,4.9,8.3,16.0,4.8,5.7,3.4,5.4,34.7,16.0,6.4,12.0,14.6,11.7,7.8,9.1,10.6,4.9,8.6,5.0,3.0,4.2,3.4,4.9,5.9,6.3,1.8,5.0,2.7,2.3,1.0,0.4,3.7,,,,,,
IND,534,India,Inflation,Energy Consumer Price Inflation,4.4,6.6,7.9,10.4,34.0,10.2,4.2,3.1,6.8,17.8,11.6,13.6,15.3,9.5,12.7,10.6,7.0,4.9,8.1,3.2,6.5,11.7,7.5,6.5,4.8,5.4,12.6,11.9,8.8,6.3,17.6,9.2,10.3,6.5,8.1,-1.8,3.1,4.6,4.5,13.7,26.6,4.5,9.2,8.1,6.1,4.8,5.2,5.7,7.6,4.8,3.5,,6.0,,,,,,
IRL,178,Ireland,Inflation,Energy Consumer Price Inflation,9.0,11.7,10.0,7.2,50.9,16.4,17.4,13.8,-3.6,12.1,32.1,22.6,14.9,5.6,7.8,9.4,0.2,4.3,-1.2,5.7,9.6,4.1,4.6,-2.6,-3.0,3.3,0.7,1.9,0.7,-6.7,9.6,10.5,1.1,-0.7,4.3,10.4,16.0,20.3,9.7,-21.9,1.3,9.7,0.6,0.7,0.0,1.6,-0.5,2.0,5.1,1.1,-1.0,12.3,41.1,,,,,,
IRN,429,"Iran, Islamic Rep.",Inflation,Energy Consumer Price Inflation,-0.6,-0.6,2.4,2.6,5.2,4.3,1.8,8.3,4.0,6.2,4.0,14.5,11.8,10.0,3.9,3.8,18.1,24.0,5.2,-2.5,2.7,23.8,41.0,19.0,13.2,29.8,41.3,39.2,40.8,46.0,28.7,12.3,15.5,15.4,11.2,6.0,13.3,21.2,28.2,17.0,5.8,16.7,13.6,19.3,18.5,16.0,7.9,6.4,12.9,24.1,23.9,26.9,29.5,,,,,,
IRQ,433,Iraq,Inflation,Energy Consumer Price Inflation,1.5,-8.7,1.0,-2.0,-5.6,0.7,11.7,4.4,-5.0,,,,29.9,17.4,0.0,0.0,4.2,6.4,0.0,1.1,7.7,35.6,8.0,56.7,436.2,503.7,20.2,39.6,24.7,56.1,-10.3,-1.6,-0.6,-47.2,557.5,99.1,186.0,71.6,-21.4,-37.3,,,,,2.0,3.3,2.7,2.3,-1.1,-1.3,0.0,1.9,4.6,,,,,,
ISL,176,Iceland,Inflation,Energy Consumer Price Inflation,18.3,6.6,0.5,19.1,53.6,59.4,23.5,21.3,36.0,57.6,40.4,49.3,76.1,126.0,41.0,17.0,4.5,12.3,24.5,15.1,14.7,8.6,4.1,8.3,2.1,-1.1,1.3,2.0,0.0,0.1,3.0,2.4,2.4,8.4,7.5,15.0,12.0,11.6,12.9,0.6,-0.5,6.2,5.2,3.9,5.8,6.0,6.6,11.9,6.5,2.8,2.4,7.4,17.4,,,,,,
ISR,436,Israel,Inflation,Energy Consumer Price Inflation,0.0,9.8,12.1,10.4,81.5,64.4,34.0,32.2,52.4,73.9,198.7,106.1,123.5,84.2,391.4,295.3,33.1,17.9,17.0,32.3,34.3,31.4,11.2,19.3,23.5,14.3,15.8,10.9,5.7,2.7,-2.1,3.7,11.6,-4.8,-2.8,-1.0,1.2,-2.2,3.3,12.5,5.0,5.9,3.7,3.0,2.5,2.3,2.2,1.8,2.1,-0.5,0.8,5.4,10.3,,,,,,
ITA,136,Italy,Inflation,Energy Consumer Price Inflation,7.9,-4.7,1.7,10.6,51.4,9.6,11.0,19.1,4.6,12.4,26.1,21.5,14.4,24.8,10.6,6.4,-5.5,0.5,4.3,4.6,11.7,11.1,1.6,4.3,4.0,4.7,3.1,4.1,2.2,1.6,5.8,3.1,0.3,3.3,2.0,4.9,5.7,2.6,6.5,-0.1,1.2,5.2,7.0,2.1,0.0,-0.8,-1.6,1.8,2.6,0.5,-8.2,14.1,50.2,,,,,,
JAM,343,Jamaica,Inflation,Energy Consumer Price Inflation,,6.9,8.7,12.4,36.7,15.1,8.3,8.1,39.0,45.6,40.4,10.5,8.3,15.6,30.2,28.9,10.9,3.9,7.0,7.8,25.1,65.2,77.1,12.2,24.2,14.2,46.0,9.3,6.8,6.0,7.9,16.4,6.4,15.6,19.0,20.4,13.3,9.0,28.7,2.8,20.7,12.2,5.8,8.3,6.5,-9.1,-1.4,11.1,6.3,1.3,2.1,5.3,7.8,,,,,,
JOR,439,Jordan,Inflation,Energy Consumer Price Inflation,1.6,4.3,1.4,3.0,0.7,0.0,6.7,0.4,7.6,38.0,24.6,11.5,7.8,2.8,0.3,3.7,-2.9,-2.0,0.1,2.9,4.7,8.5,3.1,5.9,3.2,0.0,3.0,3.2,1.1,0.8,1.3,1.9,2.2,2.4,1.0,2.1,6.0,2.0,15.0,-2.9,4.6,3.9,3.4,6.8,4.8,0.6,1.2,2.8,3.5,1.5,-1.8,1.6,6.6,,,,,,
JPN,158,Japan,Inflation,Energy Consumer Price Inflation,2.0,9.0,9.4,11.6,14.1,10.4,9.9,9.3,7.9,5.7,6.2,4.5,3.6,3.2,2.2,2.5,2.5,2.9,2.1,2.9,3.1,3.1,3.1,2.7,2.3,2.0,1.5,1.4,0.6,-0.1,0.2,0.2,-0.1,-0.1,-0.2,-0.1,0.0,-0.1,0.1,-0.2,-0.4,-0.2,-0.3,-0.4,0.0,0.0,-0.1,-0.2,-0.1,1.4,-0.4,4.0,17.1,,,,,,
KAZ,916,Kazakhstan,Inflation,Energy Consumer Price Inflation,,,,,,,,,,,,,,,,,,,,,,,3731.4,3303.3,1472.7,486.8,105.5,89.3,24.4,7.0,8.9,5.2,4.9,4.9,4.6,7.5,9.8,13.8,15.3,8.4,10.6,7.1,5.7,8.6,4.9,4.1,11.6,0.8,0.6,1.3,2.3,6.5,11.5,,,,,,
KEN,664,Kenya,Inflation,Energy Consumer Price Inflation,,,,5.7,11.3,12.4,12.4,5.3,4.4,20.6,15.9,26.4,39.6,14.8,2.4,3.9,2.0,10.6,14.7,27.1,6.9,14.7,6.9,45.6,8.3,15.6,11.4,6.7,2.6,2.6,21.1,15.1,-0.2,5.6,17.5,23.7,11.7,11.4,11.4,11.4,11.4,11.4,9.3,4.6,5.6,3.2,1.6,3.1,12.8,4.6,0.5,4.8,,,,,,,
KGZ,917,Kyrgyz Republic,Inflation,Energy Consumer Price Inflation,,,,,,,,,,,,,,,,,,,,,,,,1000.0,82.5,11.9,26.4,22.7,20.6,44.3,33.3,24.5,20.3,2.2,7.1,8.5,7.3,13.1,27.4,19.1,13.2,1.6,6.2,1.9,3.3,16.3,5.0,-1.7,2.3,0.4,3.5,5.4,6.3,,,,,,
KHM,522,Cambodia,Inflation,Energy Consumer Price Inflation,,,,,,,,,,,,,,,,,,,,,,,,,,,,,,,,,0.3,0.0,0.1,10.1,12.0,8.3,20.0,14.6,2.8,3.7,2.3,0.6,2.8,-3.5,-1.2,-0.1,1.3,1.3,1.1,3.0,5.7,,,,,,
KNA,361,St. Kitts and Nevis,Inflation,Energy Consumer Price Inflation,12.1,-0.2,3.9,5.3,61.2,5.8,14.8,11.4,11.4,14.9,29.3,6.0,4.0,3.8,3.0,1.1,-1.4,-3.1,0.4,0.8,10.7,10.7,10.7,0.0,0.0,6.9,1.3,0.0,0.0,0.0,0.0,0.1,0.1,0.0,0.0,2.3,2.2,-0.7,1.0,-0.7,-2.1,2.1,0.2,-0.2,0.0,-1.1,-0.4,0.1,-1.1,-0.5,-0.2,0.5,0.2,,,,,,
KOR,542,"Korea, Rep.",Inflation,Energy Consumer Price Inflation,8.2,8.2,10.0,5.6,38.0,15.1,4.1,17.3,23.2,24.6,32.5,29.4,13.9,0.7,0.6,2.8,2.6,2.4,3.6,4.2,7.7,11.2,7.1,5.4,4.1,4.3,4.8,5.0,7.3,-3.0,3.7,6.0,2.8,4.2,3.2,1.9,2.9,2.2,4.4,1.1,2.4,4.5,4.6,3.5,2.9,-0.6,-0.8,1.7,0.7,-2.6,0.2,7.6,19.0,,,,,,
KWT,443,Kuwait,Inflation,Energy Consumer Price Inflation,2.0,2.0,2.0,2.0,12.4,0.2,-4.9,4.9,2.8,1.1,2.1,1.0,5.4,2.2,-0.1,-0.3,0.4,-0.4,4.1,1.9,1.1,1.0,-0.2,0.2,-1.6,0.6,-2.5,1.2,0.6,4.9,7.1,0.2,0.0,,,,,-0.1,0.3,0.4,0.1,4.2,2.4,3.8,4.4,6.0,6.8,2.6,-1.1,-0.8,-0.2,0.5,2.2,,,,,,
LAO,544,Lao PDR,Inflation,Energy Consumer Price Inflation,,,,,,,,,,,,,,,,,,,,,,,,,,,,,,,,,,,,,,,,,1.7,4.4,10.7,6.6,5.1,6.6,1.4,0.6,1.9,0.9,0.6,3.0,16.3,,,,,,
LBN,446,Lebanon,Inflation,Energy Consumer Price Inflation,,,,,,,,,,,,,,,,,,192.8,256.8,119.6,74.9,134.1,38.4,19.0,3.8,-12.7,11.9,29.2,,,,,,,,,,,,-11.6,8.2,11.6,3.4,0.7,0.7,-5.5,-1.8,5.1,6.8,1.4,7.7,49.6,105.2,,,,,,
LBR,668,Liberia,Inflation,Energy Consumer Price Inflation,-2.6,4.3,-1.2,12.2,30.9,6.2,14.2,10.7,14.1,33.4,33.5,14.9,6.4,1.8,1.5,0.6,0.0,0.2,0.5,,,,,,,,,,,,,,,,,,1.7,8.4,7.6,-2.2,3.3,5.7,4.0,0.8,1.9,-0.4,-5.4,11.5,19.1,,,,,,,,,,
LCA,362,St. Lucia,Inflation,Energy Consumer Price Inflation,5.2,1.6,3.7,4.1,62.3,7.1,14.4,8.4,10.8,29.2,52.6,7.9,2.6,-0.1,3.6,0.3,-11.9,-1.4,7.6,8.3,5.1,3.0,4.3,-0.5,-0.9,1.3,4.4,1.8,-2.8,0.6,9.3,-1.3,-1.6,3.0,3.5,7.7,5.1,1.5,6.0,-4.6,6.3,2.3,1.3,-4.2,5.0,6.6,-3.2,7.0,9.1,-1.9,-4.7,6.8,24.1,,,,,,
LKA,524,Sri Lanka,Inflation,Energy Consumer Price Inflation,8.9,3.5,3.6,12.7,34.4,7.3,11.9,-2.9,1.8,25.3,71.7,36.2,6.3,33.2,17.9,3.9,1.2,0.8,13.0,12.0,12.5,16.4,3.6,17.0,14.7,6.1,8.1,4.1,3.6,1.5,18.6,14.3,8.8,15.2,9.6,13.5,28.2,25.3,,,,,,,-4.7,4.2,0.1,0.9,1.3,8.0,0.8,1.1,17.5,,,,,,
LSO,666,Lesotho,Inflation,Energy Consumer Price Inflation,,,,,37.6,18.0,22.2,16.3,12.1,44.6,12.8,30.6,9.0,9.4,-0.8,43.7,25.8,-2.8,9.1,32.9,-1.7,58.6,4.6,10.9,11.5,3.2,8.7,8.5,6.4,3.4,5.1,12.2,11.2,8.1,5.5,7.6,8.4,8.1,14.7,-0.3,3.3,11.5,8.3,10.6,7.7,-6.9,0.3,6.3,8.8,8.0,-1.9,6.9,15.5,,,,,,
LTU,946,Lithuania,Inflation,Energy Consumer Price Inflation,,,,,,,,,,,,,,,,,,,,,,,443.9,386.5,125.8,62.0,26.6,17.2,16.0,6.1,12.3,2.2,2.7,0.3,0.7,5.0,6.9,11.5,19.2,11.4,4.7,8.3,6.2,0.6,-0.9,-4.8,-2.0,1.1,4.1,0.1,-3.4,14.3,56.0,,,,,,
LUX,137,Luxembourg,Inflation,Energy Consumer Price Inflation,7.5,4.6,2.0,2.3,10.4,17.0,6.9,8.5,1.4,13.9,20.0,13.9,11.8,22.2,-4.9,4.7,-16.9,-3.1,4.6,6.0,5.5,-4.6,2.2,1.1,1.1,0.7,3.7,2.9,-0.2,1.4,7.7,1.7,0.2,2.8,3.1,6.9,5.9,3.4,7.9,-2.7,4.7,6.9,3.7,0.6,-1.0,-0.9,-1.6,1.7,3.2,1.6,-0.8,18.8,31.4,,,,,,
LVA,941,Latvia,Inflation,Energy Consumer Price Inflation,,,,,,,,,,,,,,,,,,,,,,,,,2.6,27.9,26.6,14.9,7.8,2.0,4.5,2.7,1.1,4.7,8.1,5.8,13.8,16.4,29.4,8.2,-2.3,7.6,6.8,-0.1,1.0,3.6,-2.9,2.0,4.1,3.1,-2.4,10.5,48.3,,,,,,
MAR,686,Morocco,Inflation,Energy Consumer Price Inflation,,,,,,,,,,,,,,,,,,,,,,,,,,,,,,,,,,,,,,,0.9,0.8,0.5,0.4,0.5,1.2,2.5,3.4,1.0,1.2,0.9,0.7,0.6,0.8,1.1,,,,,,
MDA,921,Moldova,Inflation,Energy Consumer Price Inflation,,,,,,,,,,,,,,,,,,,,,,,,,,,,,,,,,,,,,,,,,,,,-0.6,0.1,0.9,-1.3,4.6,-2.3,0.6,0.8,1.1,67.0,,,,,,
MDG,674,Madagascar,Inflation,Energy Consumer Price Inflation,6.1,0.4,1.8,,9.6,6.1,-1.8,3.5,3.6,22.8,24.3,31.5,29.8,2.5,9.6,19.9,0.5,17.1,21.5,12.4,9.0,8.2,9.5,12.2,35.6,53.3,9.0,,,,,7.1,14.7,-4.2,14.5,16.2,32.5,3.7,9.2,,,,,,6.6,12.0,10.1,9.9,6.9,9.4,4.6,2.5,2.9,,,,,,
MDV,556,Maldives,Inflation,Energy Consumer Price Inflation,,,,,,,,,,,,,,,,,,,10.7,24.4,-1.6,11.7,21.6,13.3,-1.0,-5.3,-5.1,-1.7,-0.9,6.1,2.9,1.7,-1.4,-0.9,-2.1,6.2,9.0,2.9,2.9,2.9,2.9,2.9,3.6,3.6,3.1,1.0,0.3,-0.9,-0.2,2.2,-4.7,1.1,1.9,,,,,,
MEX,273,Mexico,Inflation,Energy Consumer Price Inflation,,,,,,,,,,12.3,17.2,17.8,47.4,135.3,66.7,49.4,159.1,116.8,112.6,6.2,28.7,24.4,19.2,19.2,17.9,40.1,39.3,25.8,14.4,11.8,25.2,8.9,7.6,15.9,5.4,3.9,4.5,3.0,4.9,2.5,3.2,2.2,2.5,2.8,2.9,1.9,1.7,3.9,3.9,2.4,2.6,13.7,5.3,,,,,,
MKD,962,"Macedonia, FYR",Inflation,Energy Consumer Price Inflation,,,,,,,,,,,,,24.0,36.2,63.3,69.7,68.9,142.6,172.4,1166.7,588.6,125.1,979.4,424.3,111.3,6.8,9.1,3.8,0.4,1.1,27.4,3.9,1.0,4.4,1.9,0.8,2.8,6.0,6.7,5.1,7.0,5.0,9.2,1.0,-0.2,1.1,-0.6,-0.3,0.0,-0.1,2.0,2.7,23.4,,,,,,
MLI,678,Mali,Inflation,Energy Consumer Price Inflation,,,,,,,,,,,,,,,,,,,,,,,,,,,,,0.8,3.7,2.7,5.0,6.8,-0.2,-1.6,-2.4,2.4,2.0,5.2,0.2,-1.9,3.0,2.0,3.8,3.1,1.6,1.8,-0.6,2.7,4.2,0.7,-1.0,5.3,,,,,,
MLT,181,Malta,Inflation,Energy Consumer Price Inflation,0.0,0.0,0.6,0.3,41.6,-11.7,-1.6,39.6,0.0,22.2,29.5,7.0,0.0,-1.6,0.0,0.0,0.0,-5.7,0.0,0.0,0.0,0.0,0.0,0.2,0.1,0.1,0.2,8.3,0.0,8.2,10.9,0.3,3.7,2.2,5.9,15.9,17.1,-5.2,14.5,-2.2,18.6,11.8,4.6,-0.7,-7.6,-6.5,-4.2,1.1,1.3,2.5,-0.6,-1.6,,,,,,,
MMR,518,Myanmar,Inflation,Energy Consumer Price Inflation,1.3,1.1,1.1,6.6,61.4,11.7,48.8,4.1,-1.9,-8.5,7.1,39.0,1.1,-3.7,18.0,-1.9,15.2,18.0,14.1,28.3,22.1,27.1,25.7,12.9,61.3,25.1,7.1,17.2,22.1,16.4,11.3,21.2,34.7,34.3,17.7,9.1,31.4,32.9,14.3,3.7,3.7,8.1,6.5,5.2,4.6,7.9,5.5,5.0,7.8,18.8,17.4,3.5,11.0,,,,,,
MNG,948,Mongolia,Inflation,Energy Consumer Price Inflation,,,,,,,,,,,,,,,,,,,,,,,,,,,,73.6,21.6,12.3,8.6,32.5,12.3,0.4,1.7,8.7,8.7,9.1,21.4,9.2,8.0,13.1,12.4,7.5,12.5,10.7,1.9,4.9,13.0,8.7,2.9,2.4,14.8,,,,,,
MOZ,688,Mozambique,Inflation,Energy Consumer Price Inflation,1.1,8.4,5.8,0.9,24.5,3.6,16.9,,,,,,,,,,,,,,,,,,,40.9,32.9,7.7,6.5,18.7,1.3,2.4,5.2,12.5,12.5,12.5,12.5,12.5,15.0,-7.4,10.8,9.0,4.3,4.8,3.3,0.9,4.7,15.6,5.5,2.4,-0.5,5.5,6.8,,,,,,
MRT,682,Mauritania,Inflation,Energy Consumer Price Inflation,-0.8,9.6,9.3,3.4,8.8,,12.1,12.0,4.7,,,,,-7.4,11.3,,,,,,,,,,,,,,,,,,,,9.9,9.3,7.7,8.5,7.8,-2.9,4.1,4.1,3.4,3.9,1.7,4.0,-0.1,-0.7,0.5,-0.1,0.7,2.3,2.6,,,,,,
MUS,684,Mauritius,Inflation,Energy Consumer Price Inflation,0.0,-0.1,0.0,7.0,17.2,10.2,10.2,13.9,0.1,35.4,66.0,22.2,12.8,-2.9,10.0,7.5,-4.9,-1.5,-0.1,0.8,5.3,11.7,11.7,4.1,0.1,3.5,-0.3,-0.3,-0.4,0.2,5.8,15.1,15.1,15.1,0.2,3.5,11.5,4.9,6.8,-3.2,-0.3,2.3,4.8,0.5,0.7,-0.1,-3.1,-2.2,-1.8,-0.4,-3.0,-3.0,4.7,,,,,,
MWI,676,Malawi,Inflation,Energy Consumer Price Inflation,,,,,,,,,,,,,,,,,,,,,,,,,,,,,,,,,,,,,,,,,,,,,20.3,29.4,19.3,19.3,14.6,3.7,2.4,,18.3,,,,,,
MYS,548,Malaysia,Inflation,Energy Consumer Price Inflation,,,,,,,,,,,,,,,,,,,0.4,1.7,3.9,1.2,-0.2,-0.4,-1.7,2.2,-3.4,3.0,2.0,0.2,1.5,1.3,0.0,0.5,0.5,1.4,1.5,1.3,1.5,1.4,1.1,1.8,1.6,1.8,3.4,2.5,2.4,2.2,2.0,1.9,-1.7,1.6,1.8,,,,,,
NAM,728,Namibia,Inflation,Energy Consumer Price Inflation,,,,,,,,,,,,,,,,,,,,,,,,,3.1,20.9,8.6,11.9,7.6,7.6,7.6,7.6,7.6,6.8,6.3,1.9,2.1,2.1,-4.6,14.8,8.7,7.7,5.9,5.2,3.3,2.6,7.7,9.2,3.5,2.1,-1.0,1.3,1.8,,,,,,
NER,692,Niger,Inflation,Energy Consumer Price Inflation,,,,,,,,,,,,,,,,,,,,,,,,,,,,-1.3,-0.4,2.3,0.4,-0.4,2.1,2.3,1.3,0.9,1.2,0.5,5.0,1.9,-0.5,,,1.2,0.7,2.4,2.4,6.2,15.7,2.9,-0.2,0.6,1.3,,,,,,
NGA,694,Nigeria,Inflation,Energy Consumer Price Inflation,13.7,-3.5,3.0,-12.4,1.2,80.9,,,,,,,,,,,,15.7,4.3,34.3,27.4,2.1,41.9,98.0,216.4,72.7,29.7,5.9,43.7,35.7,22.6,-0.7,17.1,33.8,20.7,12.1,16.9,9.9,6.1,8.3,10.1,15.6,17.8,9.6,5.8,7.2,21.9,12.9,7.4,7.4,8.1,10.2,13.9,,,,,,
NIC,278,Nicaragua,Inflation,Energy Consumer Price Inflation,,,,,,,,,,,,,,,,,,,,,,,,,,,,,,,,,4.1,6.2,8.3,7.7,12.1,8.3,15.4,-2.4,4.5,8.2,4.4,5.5,6.9,-0.6,3.8,9.1,7.1,5.2,4.6,2.2,6.5,,,,,,
NLD,138,Netherlands,Inflation,Energy Consumer Price Inflation,1.6,3.4,4.4,4.5,19.8,16.4,11.4,7.9,8.5,7.6,18.2,23.3,12.5,0.2,4.8,3.8,-9.7,-15.3,-2.5,-0.6,9.1,8.1,-0.5,-4.3,3.7,0.6,-1.0,4.5,3.3,3.1,4.4,5.0,3.4,3.9,3.2,4.6,3.9,2.6,2.1,1.8,0.0,2.5,2.8,3.0,2.9,1.8,0.6,1.6,2.9,7.6,0.5,17.3,71.4,,,,,,
NOR,142,Norway,Inflation,Energy Consumer Price Inflation,18.5,5.1,5.6,6.5,16.3,13.6,10.3,12.1,20.1,10.6,12.0,13.7,12.1,9.8,7.7,6.2,4.8,7.3,8.3,6.1,6.4,4.5,2.4,2.8,0.9,2.8,2.4,2.7,0.3,2.2,4.7,7.4,3.7,8.6,0.2,1.7,6.1,-0.9,6.8,1.8,5.2,0.9,-1.9,5.3,1.3,1.3,4.5,3.0,5.0,0.1,-3.5,44.5,27.0,,,,,,
NPL,558,Nepal,Inflation,Energy Consumer Price Inflation,1.1,1.1,-3.3,-2.6,20.5,6.7,6.7,6.7,8.9,18.7,15.7,16.3,14.1,15.1,10.4,16.5,6.1,3.1,17.8,15.1,15.6,13.3,18.6,14.2,5.5,0.8,9.3,10.0,4.1,5.3,25.9,3.9,2.3,15.5,5.9,21.1,17.8,3.2,16.5,-1.8,,,,,,,,,7.6,6.5,2.8,2.4,6.5,,,,,,
NZL,196,New Zealand,Inflation,Energy Consumer Price Inflation,0.4,3.0,2.4,3.8,6.8,7.7,31.2,36.7,10.8,26.0,21.5,10.9,14.2,2.9,1.5,18.4,17.3,19.1,7.4,4.9,3.0,6.0,4.2,5.8,6.2,4.8,5.4,4.5,3.0,1.8,1.2,-0.5,3.2,5.2,6.5,5.5,5.1,5.2,4.7,2.5,2.4,3.6,2.8,3.0,3.4,2.8,3.2,3.1,3.1,0.9,2.9,8.5,13.7,,,,,,
OMN,449,Oman,Inflation,Energy Consumer Price Inflation,,,,,,,,,,,,,,,,,,,,,,3.8,0.4,-0.5,0.6,0.6,0.0,0.1,0.0,-0.1,0.0,0.0,0.0,0.1,0.3,,0.4,5.9,12.6,8.9,3.8,3.0,2.1,0.5,1.0,0.4,0.7,1.6,0.5,-0.1,-0.5,0.4,1.1,,,,,,
PAK,564,Pakistan,Inflation,Energy Consumer Price Inflation,,,,,,,,,,,,,,2.9,4.9,5.1,1.8,2.3,5.9,14.5,10.2,17.7,5.8,10.1,10.5,11.8,10.4,15.8,13.7,-5.0,13.8,4.9,4.9,4.9,2.5,5.8,11.5,4.9,16.6,18.0,10.6,8.4,6.6,5.3,8.4,5.2,5.0,5.0,6.2,8.5,6.2,10.0,11.7,,,,,,
PAN,283,Panama,Inflation,Energy Consumer Price Inflation,-0.9,2.7,1.8,1.5,34.6,6.7,11.8,13.2,28.7,5.8,17.6,5.9,5.5,3.1,-2.4,-2.7,-4.3,-1.9,0.0,0.0,0.0,0.0,-2.1,0.4,-0.3,1.6,1.3,1.3,-0.5,1.4,7.2,-2.1,-2.2,5.3,5.3,5.3,5.1,4.5,6.3,-7.3,2.6,1.8,3.3,4.1,1.5,-1.2,-1.0,1.9,0.6,-0.3,-4.1,-3.8,1.8,,,,,,
PER,293,Peru,Inflation,Energy Consumer Price Inflation,25.1,0.0,0.0,5.1,1.6,9.6,42.0,27.1,69.2,59.7,28.1,104.4,115.1,231.0,115.3,170.5,11.3,16.8,456.0,,,,,,,16.2,12.7,8.3,3.1,11.3,10.5,5.8,-2.2,6.6,4.5,4.1,2.5,0.9,2.4,-0.3,0.3,3.1,2.4,3.0,4.0,4.8,4.9,2.3,4.1,2.2,1.2,,11.3,,,,,,
PHL,566,Philippines,Inflation,Energy Consumer Price Inflation,7.7,7.7,3.3,9.3,38.7,10.2,13.6,5.4,13.9,25.3,33.9,27.5,14.2,8.1,45.4,25.7,-9.7,0.0,3.7,7.6,20.3,25.3,6.1,6.5,6.5,7.9,8.2,8.7,9.2,7.5,6.9,7.3,3.7,3.8,3.8,7.5,6.0,2.3,4.7,1.7,5.2,5.1,4.1,1.7,2.5,-1.1,0.4,2.7,4.0,2.4,0.9,2.6,6.1,,,,,,
PNG,853,Papua New Guinea,Inflation,Energy Consumer Price Inflation,,,,,,,,,,,,,,,,,,,,,,,,,,,,,,,,,,,,,,,,,,10.4,10.3,10.6,12.0,15.4,5.2,7.1,6.7,3.4,1.3,1.3,3.9,,,,,,
POL,964,Poland,Inflation,Energy Consumer Price Inflation,,,,,,,,,,,,,,5.7,0.0,15.2,27.4,40.0,127.0,86.2,1151.6,184.4,94.2,47.0,44.0,26.4,18.8,17.7,15.7,6.1,8.8,10.6,5.9,3.4,4.1,4.0,4.5,3.9,9.0,8.5,3.7,6.1,5.8,2.0,1.6,0.7,-0.6,1.8,2.1,-0.4,7.5,12.1,29.1,,,,,,
PRT,182,Portugal,Inflation,Energy Consumer Price Inflation,1.2,23.4,18.4,21.2,19.6,7.3,25.8,15.2,13.4,9.8,14.0,12.8,13.4,20.0,27.6,17.3,14.9,9.7,14.9,13.9,17.2,21.9,14.1,9.1,6.8,4.4,2.7,4.3,2.5,0.9,3.7,3.9,2.9,4.2,3.0,4.4,3.9,3.6,3.9,2.1,4.4,6.7,8.7,2.1,2.2,0.2,0.4,0.6,2.2,-1.8,0.1,7.3,23.6,,,,,,
PRY,288,Paraguay,Inflation,Energy Consumer Price Inflation,,,,,,,,,,,,,,,,,,,,,,,,,,10.9,17.3,11.9,8.4,4.2,8.4,11.5,11.0,9.6,1.5,4.3,5.1,2.9,7.8,1.8,5.3,7.7,9.7,4.9,4.7,3.0,2.5,2.4,3.0,2.9,1.4,2.4,2.8,,,,,,
QAT,453,Qatar,Inflation,Energy Consumer Price Inflation,,,,,,,,,,,,,0.0,4.6,2.3,1.0,-1.3,3.1,10.2,2.4,1.2,2.0,8.5,-5.7,0.0,0.6,3.3,5.3,-3.3,2.3,-2.0,1.6,1.5,18.2,16.0,26.5,25.8,29.2,19.7,-12.0,-12.8,-3.8,-2.7,6.1,7.8,2.9,4.0,-3.0,-3.9,-3.0,-4.6,-5.1,6.4,,,,,,
ROU,968,Romania,Inflation,Energy Consumer Price Inflation,0.1,0.0,0.0,0.2,0.0,10.7,8.9,0.4,0.6,13.0,36.0,-0.2,50.5,9.8,0.0,0.0,-0.1,3.0,61.1,-9.3,-33.4,43.3,180.3,502.9,85.6,29.5,37.1,203.1,66.3,82.6,63.4,39.2,37.7,18.8,19.4,17.6,11.9,5.9,9.9,4.0,7.6,9.3,6.9,4.1,2.3,-2.7,-4.4,0.4,12.2,2.7,-7.4,15.2,32.8,,,,,,
RUS,922,Russian Federation,Inflation,Energy Consumer Price Inflation,,,,,,,,,,,,,,,,,,,,,,,,1932.7,393.3,208.8,50.4,36.0,10.5,47.5,54.2,33.6,35.7,15.4,14.4,18.0,16.7,11.6,13.7,19.6,13.5,10.9,5.0,9.1,7.7,10.9,7.0,4.8,4.0,4.7,3.0,5.1,6.7,,,,,,
RWA,714,Rwanda,Inflation,Energy Consumer Price Inflation,,-7.0,-2.2,1.1,44.6,9.0,23.4,6.7,20.4,50.0,20.9,37.0,0.0,-26.0,-3.9,10.8,-1.1,3.4,-11.3,-1.8,2.9,14.2,,,,,,,,,,,,,12.6,18.0,17.7,17.3,18.2,6.7,1.0,3.7,4.8,0.9,0.9,4.0,2.4,2.0,11.0,2.6,3.5,3.2,11.0,,,,,,
SAU,456,Saudi Arabia,Inflation,Energy Consumer Price Inflation,,,,,,,,,,,8.0,3.9,1.1,3.5,6.4,16.0,-6.0,0.4,0.1,1.2,1.7,1.2,-21.3,-9.2,0.0,56.5,0.0,0.0,0.0,0.0,1.4,0.0,0.0,0.1,,,0.0,,,,,5.6,3.3,3.5,4.9,2.4,4.9,-0.7,-1.3,-8.6,-0.6,-2.4,2.3,,,,,,
SDN,732,Sudan,Inflation,Energy Consumer Price Inflation,,,,,,,,,,32.5,21.8,8.5,14.8,20.9,33.9,65.4,17.0,38.1,3.2,136.5,,110.5,,,,,,,,,,,,,,,,,,,,,,,19.9,13.2,16.7,15.5,21.1,34.5,121.6,492.3,317.5,,,,,,
SEN,722,Senegal,Inflation,Energy Consumer Price Inflation,0.3,1.9,1.4,3.6,34.1,12.3,2.6,-0.9,-0.4,1.5,3.9,20.2,16.7,1.4,3.7,16.5,9.0,1.4,-2.5,1.0,0.2,2.9,-1.6,3.7,77.5,7.8,0.5,0.0,3.7,3.7,7.9,3.6,4.2,4.3,2.0,0.2,3.5,10.0,2.1,-0.2,2.1,3.2,0.2,-0.3,-4.8,-2.7,-1.8,-1.4,0.3,0.5,0.9,2.5,2.2,,,,,,
SGP,576,Singapore,Inflation,Energy Consumer Price Inflation,1.3,2.2,1.6,3.4,14.1,7.0,6.7,1.1,0.0,5.1,13.7,5.3,3.7,0.8,3.5,3.5,-2.3,-1.5,0.0,1.8,7.2,2.3,2.6,3.7,1.4,1.0,0.9,2.9,2.6,-1.3,2.8,1.9,-2.2,-0.3,-0.1,1.3,3.3,0.2,15.0,2.0,2.2,9.0,8.4,2.8,0.1,-3.5,-4.1,-2.5,-1.3,-1.0,-0.3,1.4,5.2,,,,,,
SLE,724,Sierra Leone,Inflation,Energy Consumer Price Inflation,1.6,0.0,3.7,0.9,11.7,10.2,18.9,12.6,14.1,12.2,7.0,31.4,28.3,87.2,82.1,62.0,72.9,192.4,,,,,,,,,,,,,,,,,,,,,9.3,6.6,5.9,5.6,5.2,4.4,3.7,3.4,7.6,12.2,13.3,12.8,3.6,8.5,20.8,,,,,,
SLV,253,El Salvador,Inflation,Energy Consumer Price Inflation,-13.3,-9.8,9.3,20.3,25.1,45.5,24.8,33.6,31.3,31.3,41.8,45.2,11.4,11.4,11.4,77.0,28.6,33.9,-3.4,-4.8,55.8,-2.8,13.2,3.4,11.6,14.2,8.2,1.3,14.1,0.8,17.9,29.3,-3.1,2.8,-1.4,5.1,8.8,5.0,-1.7,7.0,7.0,13.9,3.6,0.1,1.6,-2.7,9.3,4.9,3.3,-0.7,-3.4,5.8,2.7,,,,,,
STP,716,São Tomé and Principe,Inflation,Energy Consumer Price Inflation,,0.0,-0.6,2.1,39.4,10.0,-4.4,5.5,-8.9,12.4,18.8,19.7,3.6,6.6,1.0,0.2,0.4,2.7,-0.4,-2.9,3.0,13.5,10.6,396.7,430.5,376.6,16.7,0.5,7.2,70.5,,,,,,,,,,,,,,,,,19.9,1.5,0.8,0.5,8.2,,,,,,,,
SUR,366,Suriname,Inflation,Energy Consumer Price Inflation,,,,,,,,,,,,,,,9.4,1.1,0.0,0.0,0.0,-0.8,4.7,81.9,32.9,20.8,11.4,6.9,5.6,6.2,5.0,51.4,47.2,14.1,3.7,17.4,13.2,7.8,11.5,6.0,7.2,6.6,0.1,5.0,4.0,0.3,-0.6,-1.0,-1.4,-1.4,2.0,4.2,0.0,55.8,113.8,,,,,,
SVK,936,Slovak Republic,Inflation,Energy Consumer Price Inflation,,,,,,,,,,,,40.5,22.5,36.9,45.9,79.8,93.8,132.3,177.8,1200.0,469.2,155.4,164.6,34.4,21.4,11.5,18.3,13.3,8.1,9.9,18.4,11.1,6.8,6.6,7.3,9.1,5.3,2.7,9.6,-0.3,10.1,5.6,3.8,3.1,0.1,-1.3,-1.0,2.6,4.0,1.2,2.6,0.1,18.8,,,,,,
SVN,961,Slovenia,Inflation,Energy Consumer Price Inflation,6.2,10.6,0.8,22.0,43.2,6.2,15.9,10.6,14.3,20.8,4.6,14.2,8.2,4.9,6.7,8.4,2.6,3.6,6.8,7.6,15.1,18.7,7.5,5.7,1.8,2.4,2.1,-0.7,-1.9,-1.6,0.8,3.9,2.8,4.3,0.1,0.4,3.5,4.0,6.9,-5.4,-0.1,8.7,1.4,-0.8,-0.9,-2.6,0.9,2.5,3.7,3.1,-1.1,11.1,23.1,,,,,,
SWE,144,Sweden,Inflation,Energy Consumer Price Inflation,2.0,8.9,3.6,4.4,45.9,23.5,13.8,15.9,13.6,45.7,16.0,12.1,14.1,4.6,0.0,29.8,10.4,-4.0,4.3,,3.4,8.2,1.4,6.7,21.9,1.0,,,4.2,-1.7,149.1,3.3,2.2,8.0,4.6,3.9,,,,,,,,5.8,3.4,4.6,4.6,6.7,3.7,2.9,-0.1,17.0,32.9,,,,,,
SWZ,734,Swaziland,Inflation,Energy Consumer Price Inflation,,37.0,5.2,4.5,,17.1,18.5,24.7,,,,13.5,1.1,5.0,2.8,0.1,,6.9,3.2,-0.1,0.2,,,,-22.2,,,,,,,,,,,,,2.6,63.2,12.0,3.4,0.9,14.4,2.4,1.1,-1.9,-8.3,12.1,9.7,6.1,14.7,,,,,,,,
SYC,718,Seychelles,Inflation,Energy Consumer Price Inflation,0.0,1.9,0.9,3.7,-0.9,1.9,13.8,4.8,8.5,6.4,12.0,60.7,32.6,8.7,-0.3,11.3,24.3,13.0,12.3,19.5,2.0,16.0,28.4,2.0,30.3,38.4,1.5,-4.7,0.8,0.5,0.3,0.0,11.3,,0.4,1.7,1.0,5.5,33.3,31.9,9.1,4.2,6.0,6.8,1.1,-1.9,-8.3,12.1,9.7,6.1,,11.9,,,,,,,
SYR,463,Syrian Arab Republic,Inflation,Energy Consumer Price Inflation,0.4,-0.8,1.1,7.7,,27.6,0.0,-0.5,5.5,,,,,,-0.7,6.0,2.7,2.7,,11.0,-11.5,-12.9,7.8,8.4,63.9,4.6,5.7,10.9,15.2,-6.1,8.7,1.7,17.5,6.1,-9.0,13.2,14.1,,,,,,,,,,,0.4,18.6,5.5,0.1,,,,,,,,
TCD,628,Chad,Inflation,Energy Consumer Price Inflation,1.6,11.1,1.5,6.0,23.1,14.3,2.6,21.6,11.6,13.0,18.1,11.3,13.5,14.2,6.6,4.6,0.3,0.0,-0.3,-2.5,-2.0,1.4,3.4,-0.5,11.4,,9.9,-2.4,1.3,3.7,-1.4,2.7,-0.5,0.6,0.7,1.1,1.0,-0.8,4.6,1.5,1.4,5.8,6.0,2.0,2.8,1.1,0.5,0.4,-0.8,0.8,0.9,-1.8,0.2,,,,,,
TGO,742,Togo,Inflation,Energy Consumer Price Inflation,,,,,,,,7.9,14.9,16.9,31.5,20.0,1.8,1.0,1.9,11.0,8.0,0.6,1.0,0.8,1.6,2.4,2.5,2.8,1.8,4.4,2.5,9.8,17.9,0.2,7.8,7.9,1.3,1.7,4.4,2.5,6.8,-0.5,-16.0,-9.0,9.7,3.6,2.7,1.9,1.4,0.6,-1.0,0.2,1.0,0.4,0.8,0.6,12.8,,,,,,
THA,578,Thailand,Inflation,Energy Consumer Price Inflation,,,,,,,,,,,,,,,,,,,,,,63.0,720.9,1304.2,439.6,313.8,349.6,73.0,,,,,,,,,,,,,,,,,1.4,0.6,-1.0,0.2,1.0,0.4,-1.0,-1.7,4.7,,,,,,
TJK,923,Tajikistan,Inflation,Energy Consumer Price Inflation,,,,,,,12.0,12.8,0.9,16.6,47.7,13.8,8.4,9.0,-4.0,14.3,0.9,-3.3,1.9,0.9,6.3,25.1,0.2,7.3,0.1,1.7,-0.3,1.7,-11.1,-2.8,,,,,,13.6,13.4,4.3,3.1,4.3,-1.6,-2.2,-0.2,1.1,0.7,-0.1,2.1,10.3,5.0,0.4,-5.1,,,,,,,,
TON,866,Tonga,Inflation,Energy Consumer Price Inflation,2.4,2.8,6.4,6.3,14.5,20.8,,1.7,0.9,1.4,11.9,3.4,5.6,,127.1,0.4,1.0,1.3,3.6,0.7,10.9,-0.1,0.6,2.5,4.2,2.7,1.1,0.4,2.3,1.7,0.7,0.1,-0.2,0.1,2.7,2.5,2.9,4.3,5.5,4.5,0.4,1.3,2.4,0.2,0.7,0.9,-0.3,0.0,2.4,1.0,0.5,6.0,27.3,,,,,,
TTO,369,Trinidad and Tobago,Inflation,Energy Consumer Price Inflation,1.9,1.9,2.0,1.2,1.5,4.1,2.1,3.9,1.4,4.9,7.2,9.1,18.0,15.6,7.9,7.3,1.1,3.0,2.3,2.2,1.9,8.4,7.9,5.6,5.3,4.1,3.3,3.6,2.9,4.2,3.5,3.5,1.4,4.3,5.0,9.0,5.7,4.0,6.2,2.8,3.3,3.1,2.9,3.9,5.4,5.0,4.9,5.3,4.8,4.8,4.7,,,,,,,,
TUN,744,Tunisia,Inflation,Energy Consumer Price Inflation,,,,,,,,,,,,,,,,,,,,,,,,,115.4,79.7,107.5,75.5,64.5,68.5,54.7,101.4,44.8,19.8,8.4,10.7,12.7,11.2,19.6,8.8,6.3,5.8,11.5,7.2,5.7,7.6,6.6,8.0,15.8,13.6,4.7,5.0,6.1,,,,,,
TUR,186,Turkey,Inflation,Energy Consumer Price Inflation,10.2,3.8,0.7,12.5,-1.8,35.3,10.1,42.9,-0.4,13.2,38.3,36.8,21.0,36.6,42.3,35.4,16.7,29.3,12.4,32.5,50.4,21.8,23.2,26.5,45.3,35.0,31.3,19.3,14.3,9.8,6.9,2.9,14.5,4.1,7.1,12.7,8.5,6.2,10.7,-1.6,9.2,16.9,16.3,14.2,10.7,1.3,6.6,7.6,12.0,7.9,12.4,21.7,126.9,,,,,,
TZA,738,Tanzania,Inflation,Energy Consumer Price Inflation,,,,,,,,,,,,,,,,,,,,,,,,,,,,-2.5,3.9,1.1,2.4,7.6,2.9,5.3,3.8,7.4,8.7,16.7,9.9,6.7,5.2,15.9,20.7,5.0,2.9,5.3,3.8,4.9,5.8,2.9,4.0,4.1,3.7,,,,,,
UGA,746,Uganda,Inflation,Energy Consumer Price Inflation,,,,,,,,,,,,,,,,,,,,,,,,,,,,,,,,,,,,14.6,34.1,42.4,14.2,25.5,9.4,17.1,2.6,0.3,16.2,115.8,35.0,26.7,6.8,8.0,4.0,-0.8,3.9,,,,,,
UKR,926,Ukraine,Inflation,Energy Consumer Price Inflation,35.0,35.0,35.0,35.0,89.0,73.4,61.4,54.7,32.0,55.5,60.8,17.6,19.3,74.7,62.6,72.2,60.6,65.1,67.2,82.8,105.9,101.1,73.8,61.7,55.8,45.4,33.3,22.9,12.6,6.5,4.6,4.1,11.4,20.8,9.6,6.1,8.1,8.9,11.2,10.7,8.9,10.3,9.2,10.7,9.0,8.1,9.2,8.6,6.1,5.9,-3.0,23.2,5.1,,,,,,
URY,298,Uruguay,Inflation,Energy Consumer Price Inflation,6.9,4.4,3.9,4.4,11.2,10.6,6.1,6.8,8.8,12.2,15.7,11.5,7.2,2.7,4.2,4.0,3.0,3.0,3.7,3.8,4.5,3.9,2.9,2.7,2.5,2.5,2.9,2.6,2.3,2.2,3.5,4.0,2.2,2.5,2.6,3.3,3.8,3.2,3.2,0.4,-0.4,1.3,1.6,2.1,2.6,2.1,2.5,3.0,2.9,-2.1,7.2,8.0,7.1,,,,,,
USA,111,United States,Inflation,Energy Consumer Price Inflation,,,,,,,,,,,,,,,,,,,,,,,,,,,,,,,,,,,,,,,,,,,,,3.0,2.3,16.9,7.1,25.6,21.3,2.6,21.0,25.5,,,,,,
VCT,364,St. Vincent and the Grenadines,Inflation,Energy Consumer Price Inflation,12.1,12.1,-1.1,22.2,63.2,4.8,-4.0,17.8,22.7,30.3,34.6,9.2,9.2,9.2,4.6,4.5,-2.6,1.5,-6.3,-0.2,13.4,-1.4,1.3,-1.2,0.1,0.2,1.4,-2.4,-1.2,4.1,1.9,3.6,0.4,2.0,1.9,18.9,10.5,5.9,11.0,-19.8,6.6,2.5,2.4,0.3,-0.1,-5.3,-1.5,1.6,2.5,0.8,-2.5,2.4,5.4,,,,,,
VEN,299,"Venezuela, RB",Inflation,Energy Consumer Price Inflation,0.0,0.0,0.0,0.0,0.1,0.6,0.6,0.6,0.8,23.0,4.4,23.6,3.8,3.8,19.1,8.7,0.1,17.6,15.9,69.1,42.7,25.4,2.0,66.9,77.5,36.5,60.5,100.4,61.8,26.4,19.7,17.0,16.1,12.8,9.6,7.2,6.8,6.6,8.7,12.1,13.7,12.1,9.8,12.1,16.4,22.1,2.5,109.6,94802.4,17687.5,1.8,1137.5,166.7,,,,,,
VGB,,British Virgin Islands,Inflation,Energy Consumer Price Inflation,,,,,,,,,,,,,,,,,,,,,,,,,,,,,,,,,,,,,,,,,,,,,1.4,0.6,-0.6,,,,,,,,,,,,
VNM,582,Vietnam,Inflation,Energy Consumer Price Inflation,,,,,,,,,,,,,,,,,,,,,,,,,,,,,,,,,7.9,8.1,6.5,7.0,9.0,11.1,20.5,3.8,17.0,19.7,10.5,4.7,3.7,-1.6,2.4,4.3,3.3,3.0,0.6,1.8,3.1,,,,,,
VUT,846,Vanuatu,Inflation,Energy Consumer Price Inflation,1.4,3.4,10.5,4.7,18.9,2.4,,,,,,,,,,,,,,,,,,,,,,,,,,,,,,,,,,,,2.5,-0.4,2.2,0.0,1.8,-2.7,0.1,1.6,0.8,0.0,-0.6,,,,,,,
WSM,862,Samoa,Inflation,Energy Consumer Price Inflation,0.0,16.2,4.1,,,,,,,,,,,,,,,,,,,,,,,,,,,,,,,,,,3.1,5.5,8.2,9.5,5.6,7.7,2.3,-1.5,3.3,-7.3,-12.6,-0.4,-1.3,4.5,-5.8,3.1,0.9,,,,,,
ZAF,199,South Africa,Inflation,Energy Consumer Price Inflation,,3.2,7.5,10.5,7.9,14.8,19.7,25.1,15.8,13.6,15.9,25.2,2.8,14.7,4.7,8.4,18.6,11.1,12.8,9.6,15.4,12.3,12.6,15.7,9.6,7.9,7.1,7.8,8.2,7.0,7.3,7.5,6.5,4.4,-10.6,0.6,4.4,11.2,12.2,7.9,6.7,6.6,6.2,5.6,5.8,6.0,6.0,5.2,4.9,5.2,3.7,14.3,23.7,,,,,,
ZMB,754,Zambia,Inflation,Energy Consumer Price Inflation,,,,,,,,,,,,,,,,,,,,-98.7,92.3,212.0,121.8,270.5,56.0,41.9,41.3,35.8,29.7,29.1,29.7,20.5,15.7,21.1,,,,,,,18.2,12.4,5.2,8.4,9.7,7.6,5.4,10.9,11.3,5.7,18.8,18.5,8.2,,,,,,
ZWE,698,Zimbabwe,Inflation,Energy Consumer Price Inflation,1.1,-0.4,-0.6,-0.7,0.3,1.9,7.2,12.1,4.8,11.5,6.8,15.9,8.8,63.8,18.6,3.1,40.5,1.4,0.3,8.4,9.5,41.8,,,,,,,,,,,,,,,,,,14.4,8.0,4.5,11.8,4.5,0.9,-2.6,-2.4,-1.4,1.0,90.8,306.4,69.8,97.2,,,,,,
VGB,284,British Virgin Islands,Inflation,Energy Consumer Price Inflation,,,,,,,,,,,,,,,,,,,,,,,,,,,,,,,,,,,,,,,,,,,,-0.1,1.4,0.6,-0.6,1.7,2.2,-0.1,-1.0,0.9,,,Additional country comapred to the previous update,,,,
NCL,687,New Caledonia,Inflation,Energy Consumer Price Inflation,,,,,,,,,,,,,,,,,,,,,,,,,,,,,,,,,,,,,,,,,,,4.2,-0.3,-0.7,-6.6,-5.1,4.0,3.5,-0.3,-5.1,4.8,16.7,,Additional country comapred to the previous update,,,,
,,,,,,,,,,,,,,,,,,,,,,,,,,,,,,,,,,,,,,,,,,,,,,,,,,,,,,,,,,,,,,,
"Note:  For those countries where annual data are not yet availalbe for 2022, annual averages of monthly or quarterly inflation in 2022 with available data are included instead. For those countries where energy consumer price index is not available, consumer price index for the sector on housing, fuel, water, electricity, gas and other fuels (COICOP 04) is used as proxy for energy prices. ",,,,,,,,,,,,,,,,,,,,,,,,,,,,,,,,,,,,,,,,,,,,,,,,,,,,,,,,,,,,,,,
,,,,,,,,,,,,,,,,,,,,,,,,,,,,,,,,,,,,,,,,,,,,,,,,,,,,,,,,,,,,,,,
,,,,,,,,,,,,,,,,,,,,,,,,,,,,,,,,,,,,,,,,,,,,,,,,,,,,,,,,,,,,,,,
